id_cliente,primer_nombre,apellido_paterno,apellido_materno,correo,genero,idioma,estado_civil,cant_hijos,edad,estudios,Color_F
1,Chris,Yelden,Marchello,cmarchello0@geocities.jp,Female,Croatian,Viudo,1,1,Road Safety,Otro
2,Rab,Emanson,Cino,rcino1@hud.gov,Male,Dari,Soltero,2,2,Igloo,Morado
3,Byron,Mogra,Gethouse,bgethouse2@jugem.jp,Male,Kyrgyz,Otro,3,3,International Sales,Morado
4,Rance,Avard,Fiddy,rfiddy3@blinklist.com,Male,Sotho,Soltero,4,4,PVTsim,Celeste
5,Dani,McGall,Mc Carrick,dmccarrick4@goo.ne.jp,Male,Telugu,Casado,1,5,Brokers,Azul
6,Jillie,Booij,Vickerstaff,jvickerstaff5@unblog.fr,Female,Yiddish,Casado,2,6,Erosion,Rojo
7,Richmond,Lettington,Wasson,rwasson6@homestead.com,Male,Bulgarian,Viudo,3,7,PPC,Verde
8,Glennie,Andrez,Gallico,ggallico7@microsoft.com,Female,Korean,Soltero,4,8,Yammer,Verde
9,Alisun,Grindle,Tapsell,atapsell8@naver.com,Female,Luxembourgish,Soltero,1,9,Application Architecture,Rojo
10,Lu,Weldrick,Casiroli,lcasiroli9@toplist.cz,Female,Armenian,Viudo,2,10,Igloo,Azul
11,Hally,Deyenhardt,Luard,hluarda@sciencedirect.com,Female,Oriya,Soltero,3,11,JBA,Morado
12,Hadrian,Ravillas,Shanklin,hshanklinb@yahoo.co.jp,Male,Armenian,Otro,4,12,CVM,Amarrillo
13,Ambrose,Double,Rowdell,arowdellc@bandcamp.com,Male,Oriya,Casado,1,13,RMA,Amarrillo
14,Uri,Stannah,Harmeston,uharmestond@bloomberg.com,Male,Armenian,Casado,2,14,LLU,Otro
15,Adel,Cherrie,Trodler,atrodlere@vk.com,Female,Guaraní,Soltero,3,15,BMC Remedy User,Verde
16,Benson,Savage,Rapier,brapierf@rakuten.co.jp,Male,West Frisian,Soltero,4,16,UMTS,Celeste
17,Salomo,MacGinley,Persehouse,spersehouseg@youtube.com,Male,Romanian,Casado,1,17,Adobe Creative Suite,Verde
18,Giusto,Guinane,Fibbit,gfibbith@blogtalkradio.com,Male,Azeri,Viudo,2,18,MDSD,Celeste
19,Marlon,Gillmor,Keegan,mkeegani@creativecommons.org,Male,Fijian,Viudo,3,19,IDX,Verde
20,Gunner,Souter,Pallatina,gpallatinaj@salon.com,Male,German,Viudo,4,20,RCMS,Otro
21,Nora,Figliovanni,Acome,nacomek@reference.com,Female,Tsonga,Otro,1,21,JDK,Verde
22,Cort,Wolfart,Dight,cdightl@squarespace.com,Male,Albanian,Otro,2,22,Igloo,Azul
23,Tymothy,Cobb,Coverly,tcoverlym@tripod.com,Male,Haitian Creole,Otro,3,23,Agronomy,Morado
24,Orbadiah,Bumby,McGurk,omcgurkn@cargocollective.com,Male,Gujarati,Soltero,4,24,Objective-C,Verde
25,Brade,Bawme,Arington,baringtono@twitpic.com,Male,Moldovan,Viudo,1,25,Web Services,Morado
26,Valentin,Kitchiner,Vitet,vvitetp@redcross.org,Male,Papiamento,Viudo,2,26,Construction,Celeste
27,Lorie,Zorzin,Beetles,lbeetlesq@blogtalkradio.com,Female,Azeri,Otro,3,27,Go,Celeste
28,Jaquenetta,Buckthorpe,Squibb,jsquibbr@ask.com,Female,Dutch,Casado,4,28,DVB-RCS,Otro
29,Essie,Mordie,Collough,ecolloughs@gov.uk,Female,Catalan,Casado,1,29,RV,Morado
30,Willetta,Bordone,Petranek,wpetranekt@clickbank.net,Female,German,Casado,2,30,Sleep Disorders,Otro
31,Alice,Doylend,Wick,awicku@reference.com,Female,Guaraní,Casado,3,31,DVB-RCS,Otro
32,Ezri,Stoeckle,Latliff,elatliffv@chron.com,Male,Danish,Soltero,4,32,WAN,Rojo
33,Clarissa,Harflete,Hutchison,chutchisonw@icio.us,Female,Estonian,Viudo,1,33,Dubbing,Rojo
34,Elizabeth,Skyram,Licence,elicencex@creativecommons.org,Female,Spanish,Soltero,2,34,PC building,Celeste
35,Tad,Hecks,Crossingham,tcrossinghamy@mediafire.com,Male,Kannada,Viudo,3,35,Xenu,Azul
36,Elyssa,Roast,Liepmann,eliepmannz@blogger.com,Female,Kyrgyz,Viudo,4,36,Erosion,Celeste
37,Jobyna,Grivori,Cotte,jcotte10@wix.com,Female,Icelandic,Soltero,1,37,HV,Celeste
38,Riley,Buckthorpe,Forster,rforster11@upenn.edu,Male,Hindi,Soltero,2,38,International Sales,Otro
39,Alexina,Kinrade,Guiden,aguiden12@adobe.com,Female,Tswana,Viudo,3,39,Alumni Relations,Azul
40,Melodee,Aspin,Jiru,mjiru13@seattletimes.com,Female,Luxembourgish,Otro,4,40,BMC Remedy User,Rojo
41,Richart,Tweed,Cowles,rcowles14@flavors.me,Male,Kyrgyz,Otro,1,41,PVTsim,Morado
42,Quintilla,O'Downe,Mesnard,qmesnard15@desdev.cn,Female,Mongolian,Otro,2,42,LLU,Otro
43,Korrie,Milson,Goulbourn,kgoulbourn16@quantcast.com,Female,Haitian Creole,Otro,3,43,Start-ups,Verde
44,Dieter,Conor,Gilbeart,dgilbeart17@over-blog.com,Male,Albanian,Soltero,4,44,Yammer,Verde
45,Eudora,Mewburn,Tommis,etommis18@icq.com,Female,Ndebele,Viudo,1,45,Klarity,Amarrillo
46,Dalia,Dusey,Stoakes,dstoakes19@twitpic.com,Female,Azeri,Soltero,2,46,Skin Care,Rojo
47,Fanchon,Anlay,Reith,freith1a@fda.gov,Female,Marathi,Casado,3,47,PVTsim,Celeste
48,Paddy,Sybe,Strettle,pstrettle1b@wsj.com,Male,Georgian,Soltero,4,48,MCDBA,Amarrillo
49,Theodor,Terbeek,Dullard,tdullard1c@netscape.com,Male,Kashmiri,Viudo,1,49,DVB-RCS,Azul
50,Fraze,Gudge,Jefferd,fjefferd1d@wikispaces.com,Male,West Frisian,Casado,2,50,JCAHO,Morado
51,Franni,Larkby,Betton,fbetton1e@homestead.com,Female,Gagauz,Otro,3,51,RMI,Azul
52,Ev,Guiton,Moxted,emoxted1f@google.co.uk,Male,Hungarian,Casado,4,52,TDA,Otro
53,Sarge,Peasnone,Wildgoose,swildgoose1g@npr.org,Male,Bulgarian,Soltero,1,53,LLU,Morado
54,Arabelle,Todari,Houson,ahouson1h@163.com,Female,Kyrgyz,Casado,2,54,NFL,Rojo
55,Cherilynn,Watters,Yelding,cyelding1i@blog.com,Female,Finnish,Otro,3,55,RMI,Otro
56,Cordelia,Rays,Teaz,cteaz1j@twitpic.com,Female,Kannada,Viudo,4,56,Ufile,Rojo
57,Julienne,Dericut,Baglow,jbaglow1k@mozilla.org,Female,Haitian Creole,Casado,1,57,SSL Duality,Verde
58,Franciskus,Walkowski,Cowen,fcowen1l@sogou.com,Male,Bosnian,Viudo,2,58,RMI,Rojo
59,Felice,Ladbury,Kopfer,fkopfer1m@tmall.com,Female,Bulgarian,Soltero,3,59,Object Oriented Design,Morado
60,Roderic,Sprey,Ciabatteri,rciabatteri1n@army.mil,Male,Nepali,Soltero,4,60,MTP3,Rojo
61,Dorothee,Jeffress,Bagnal,dbagnal1o@yellowbook.com,Female,Kurdish,Casado,1,61,Kinetic Typography,Amarrillo
62,Calhoun,Claremont,Gautrey,cgautrey1p@t-online.de,Male,Bosnian,Casado,2,62,Start-ups,Otro
63,Sergei,Backshaw,Marcome,smarcome1q@rediff.com,Male,Dutch,Soltero,3,63,Digital Marketing,Verde
64,Hannah,Caccavale,Stearley,hstearley1r@about.com,Female,Zulu,Soltero,4,64,Ufile,Morado
65,Dene,Norcott,Maylard,dmaylard1s@geocities.jp,Male,Dutch,Viudo,1,65,Application Architecture,Verde
66,Garald,Marquiss,Timby,gtimby1t@mlb.com,Male,Khmer,Casado,2,1,Sleep Disorders,Verde
67,Edythe,Semeniuk,Garber,egarber1u@photobucket.com,Female,Albanian,Viudo,3,2,RV,Azul
68,Aliza,Roundtree,Hanssmann,ahanssmann1v@oakley.com,Female,Danish,Otro,4,3,Klarity,Rojo
69,Harli,Craker,Boice,hboice1w@baidu.com,Female,Luxembourgish,Viudo,1,4,RMA,Morado
70,Maggie,Guppy,Leivesley,mleivesley1x@1688.com,Female,Latvian,Casado,2,5,IDX,Otro
71,Darrell,Gorey,Jeanneau,djeanneau1y@tumblr.com,Male,Nepali,Casado,3,6,TDA,Celeste
72,Derick,MacFaul,Dales,ddales1z@nhs.uk,Male,Nepali,Viudo,4,7,RMI,Azul
73,Donnamarie,Chappell,Skynner,dskynner20@eventbrite.com,Female,Hindi,Casado,1,8,CQA,Rojo
74,Milissent,Pollicote,Taylder,mtaylder21@posterous.com,Female,Bislama,Otro,2,9,RMI,Morado
75,Fidelia,Jarmain,Skill,fskill22@yelp.com,Female,Nepali,Otro,3,10,Digital Marketing,Rojo
76,Roxanne,McQuaker,Cogley,rcogley23@nsw.gov.au,Female,Tok Pisin,Soltero,4,11,RCMS,Rojo
77,Ulick,Sallan,Fieller,ufieller24@umn.edu,Male,Macedonian,Viudo,1,12,Xenu,Otro
78,Marsh,Meah,Kirkby,mkirkby25@goo.ne.jp,Male,Fijian,Soltero,2,13,RMA,Morado
79,Marlyn,Robez,Pendall,mpendall26@4shared.com,Female,Persian,Viudo,3,14,Cash Flow,Celeste
80,Grace,Oiller,Emeney,gemeney27@sourceforge.net,Female,Māori,Casado,4,15,Construction,Morado
81,Mike,Christophle,Gasker,mgasker28@cloudflare.com,Male,Telugu,Otro,1,16,Start-ups,Otro
82,Effie,Munroe,Laphorn,elaphorn29@typepad.com,Female,Italian,Soltero,2,17,SDL Trados,Azul
83,Aguistin,Fenty,Mayston,amayston2a@sphinn.com,Male,German,Otro,3,18,MCDBA,Amarrillo
84,Rozalie,Erbe,Di Giacomettino,rdigiacomettino2b@usda.gov,Female,Haitian Creole,Soltero,4,19,Go,Morado
85,Norbert,Formilli,Coldwell,ncoldwell2c@go.com,Male,Dari,Casado,1,20,MDSD,Verde
86,Ralph,Bondar,Whittek,rwhittek2d@mail.ru,Male,Croatian,Soltero,2,21,WAN,Amarrillo
87,Sharron,Wallenger,Di Pietro,sdipietro2e@drupal.org,Female,Swahili,Casado,3,22,SGBD,Azul
88,Yank,Pack,Markl,ymarkl2f@hatena.ne.jp,Male,Swedish,Otro,4,23,IDX,Rojo
89,Vale,Osinin,Frossell,vfrossell2g@bbc.co.uk,Male,Sotho,Otro,1,24,JDK,Rojo
90,Berti,Kibby,Jarrel,bjarrel2h@goo.gl,Female,Luxembourgish,Soltero,2,25,LLU,Rojo
91,Kirbee,Crosskill,Schmidt,kschmidt2i@arstechnica.com,Female,French,Viudo,3,26,Dubbing,Amarrillo
92,Austina,Pietruschka,Riley,ariley2j@harvard.edu,Female,Belarusian,Soltero,4,27,PVTsim,Amarrillo
93,Frederich,Comerford,Stuehmeier,fstuehmeier2k@mashable.com,Male,Estonian,Soltero,1,28,Application Architecture,Morado
94,Vlad,Pirrey,Labell,vlabell2l@goo.gl,Male,Punjabi,Casado,2,29,Turf,Rojo
95,Biddie,Heball,Kanwell,bkanwell2m@thetimes.co.uk,Female,Northern Sotho,Soltero,3,30,SGBD,Rojo
96,Beryle,Guillerman,Gillan,bgillan2n@prweb.com,Female,Albanian,Otro,4,31,SRDS,Azul
97,Phillip,Fulks,Dict,pdict2o@lycos.com,Male,Pashto,Soltero,1,32,LLU,Otro
98,Emalia,Lowrey,Fyfield,efyfield2p@so-net.ne.jp,Female,Fijian,Soltero,2,33,JBA,Rojo
99,Nerta,McPharlain,Scrowton,nscrowton2q@csmonitor.com,Female,Tok Pisin,Casado,3,34,LLU,Azul
100,Hillel,Coatsworth,Bligh,hbligh2r@ehow.com,Male,Bengali,Otro,4,35,Union Avoidance,Morado
101,Renell,Worswick,Seals,rseals2s@clickbank.net,Female,New Zealand Sign Language,Soltero,1,36,PPC,Amarrillo
102,Nina,Farnaby,Martinets,nmartinets2t@prweb.com,Female,Kurdish,Otro,2,37,PVTsim,Otro
103,Nathanial,Varvara,Roggers,nroggers2u@surveymonkey.com,Male,Haitian Creole,Otro,3,38,NFL,Morado
104,Jackquelin,Recher,Keitch,jkeitch2v@craigslist.org,Female,Italian,Otro,4,39,Unit Testing,Celeste
105,Kerry,Wontner,Bromige,kbromige2w@squidoo.com,Male,Moldovan,Viudo,1,40,Sleep Disorders,Rojo
106,Grantley,Groneway,Beasleigh,gbeasleigh2x@ted.com,Male,Bosnian,Casado,2,41,International Sales,Rojo
107,Britt,McGrotty,Kitcher,bkitcher2y@rambler.ru,Female,Georgian,Soltero,3,42,uCOS,Verde
108,Arel,Ramage,Waddoups,awaddoups2z@flavors.me,Male,Nepali,Otro,4,43,SGBD,Amarrillo
109,Dael,Kincla,McQuin,dmcquin30@geocities.com,Female,Korean,Viudo,1,44,PPC,Morado
110,Lauren,Novak,Cayford,lcayford31@odnoklassniki.ru,Male,Czech,Otro,2,45,Titration,Celeste
111,Farand,Harbach,Moggan,fmoggan32@ft.com,Female,Telugu,Otro,3,46,SDTM,Amarrillo
112,Livia,Skerm,Randerson,lranderson33@narod.ru,Female,Norwegian,Casado,4,47,LLU,Otro
113,Lonee,Slobom,Fallowfield,lfallowfield34@scientificamerican.com,Female,Gagauz,Casado,1,48,Object Oriented Design,Rojo
114,Clim,Plaskitt,Cockrell,ccockrell35@booking.com,Male,Fijian,Casado,2,49,XTRACT,Verde
115,Calypso,Marielle,Boulding,cboulding36@newsvine.com,Female,French,Soltero,3,50,Go,Azul
116,Gibbie,Lilie,Grgic,ggrgic37@desdev.cn,Male,Greek,Otro,4,51,MCDBA,Verde
117,Budd,Waulker,Banger,bbanger38@jiathis.com,Male,Punjabi,Viudo,1,52,JDK,Amarrillo
118,Leila,Gallyon,Bugdell,lbugdell39@cpanel.net,Female,Thai,Otro,2,53,SRDS,Verde
119,Matthaeus,Brewers,Glasper,mglasper3a@xinhuanet.com,Male,Khmer,Casado,3,54,PVTsim,Rojo
120,Alicea,Bingell,MacPeice,amacpeice3b@amazon.co.jp,Female,Punjabi,Casado,4,55,MTP3,Amarrillo
121,Olly,Cowser,Yashnov,oyashnov3c@alexa.com,Female,Tok Pisin,Viudo,1,56,SSL Duality,Celeste
122,Hadria,Bubbear,Haskell,hhaskell3d@nydailynews.com,Female,Irish Gaelic,Casado,2,57,DVB-RCS,Celeste
123,Loni,Theuss,Dallimare,ldallimare3e@goo.gl,Female,Bengali,Soltero,3,58,PC building,Celeste
124,Thebault,Oliphant,Walling,twalling3f@technorati.com,Male,Haitian Creole,Viudo,4,59,SSL Duality,Morado
125,Matthus,Jacob,Merrell,mmerrell3g@abc.net.au,Male,Danish,Casado,1,60,Xpress,Otro
126,Renae,Rack,Gounin,rgounin3h@bbc.co.uk,Female,Kannada,Soltero,2,61,Yammer,Rojo
127,Willi,Dudman,Fellgate,wfellgate3i@reuters.com,Male,Guaraní,Soltero,3,62,JDK,Otro
128,Patrizia,Daley,Hanwell,phanwell3j@booking.com,Female,Maltese,Viudo,4,63,MDSD,Celeste
129,Manda,Lamartine,McPharlain,mmcpharlain3k@pinterest.com,Female,Danish,Casado,1,64,BMC Remedy User,Verde
130,Nobie,Szimon,Kock,nkock3l@google.co.jp,Male,Tajik,Otro,2,65,IDX,Celeste
131,Alard,Elcombe,Wickins,awickins3m@zdnet.com,Male,Oriya,Casado,3,1,Skin Care,Celeste
132,Vidovik,Cyson,Espadate,vespadate3n@i2i.jp,Male,Bosnian,Soltero,4,2,HV,Rojo
133,Kaylee,Ruler,Kennelly,kkennelly3o@google.com.au,Female,West Frisian,Viudo,1,3,MDSD,Celeste
134,Caril,Sherar,Reast,creast3p@photobucket.com,Female,Spanish,Casado,2,4,SDL Trados,Morado
135,Ardyth,Siddele,Preedy,apreedy3q@theglobeandmail.com,Female,Amharic,Otro,3,5,UMTS,Rojo
136,Blaine,Stillgoe,Allsop,ballsop3r@vinaora.com,Male,Tswana,Otro,4,6,MCDBA,Morado
137,Shalom,Tanti,Merryfield,smerryfield3s@auda.org.au,Male,Irish Gaelic,Otro,1,7,Adobe Creative Suite,Rojo
138,Anna-maria,O' Clovan,Bassingden,abassingden3t@harvard.edu,Female,Swahili,Viudo,2,8,LDS,Celeste
139,Burch,Elesander,Doxey,bdoxey3u@cnbc.com,Male,Kazakh,Otro,3,9,PVTsim,Rojo
140,Denna,Gooddie,Rove,drove3v@google.fr,Female,Gagauz,Soltero,4,10,Object Oriented Design,Morado
141,Tammy,Maxworthy,Ladloe,tladloe3w@discuz.net,Male,Assamese,Soltero,1,11,RV,Otro
142,Gayle,Treasure,Ilyunin,gilyunin3x@ebay.com,Male,Dhivehi,Otro,2,12,CQA,Otro
143,Humphrey,Wickliffe,Maty,hmaty3y@networkadvertising.org,Male,Persian,Viudo,3,13,SSL Duality,Celeste
144,Rutherford,Eustice,Pitrollo,rpitrollo3z@umich.edu,Male,Tetum,Otro,4,14,IEX Total View,Celeste
145,Jammie,Whiston,Abramof,jabramof40@economist.com,Female,Mongolian,Casado,1,15,CVM,Rojo
146,Florie,Batting,Grinov,fgrinov41@exblog.jp,Female,Guaraní,Otro,2,16,SDL Trados,Celeste
147,Beverie,Dear,Josefson,bjosefson42@state.gov,Female,Icelandic,Viudo,3,17,Xpress,Rojo
148,Cherish,Snead,Paunsford,cpaunsford43@booking.com,Female,Dhivehi,Soltero,4,18,PVTsim,Rojo
149,Dennie,Tarn,Luna,dluna44@jalbum.net,Female,Ndebele,Casado,1,19,Adobe Creative Suite,Celeste
150,Amelina,Meaders,Coolbear,acoolbear45@mapquest.com,Female,Czech,Otro,2,20,PC building,Amarrillo
151,Nevsa,Wilstead,Haighton,nhaighton46@biblegateway.com,Female,Sotho,Casado,3,21,SGBD,Celeste
152,Eustace,Stentiford,Lorens,elorens47@redcross.org,Male,Oriya,Otro,4,22,NFL,Amarrillo
153,Arlene,Tuley,Jacobsen,ajacobsen48@bloomberg.com,Female,Marathi,Viudo,1,23,SGBD,Amarrillo
154,Jaclin,Burney,Thornewill,jthornewill49@mozilla.com,Female,Luxembourgish,Casado,2,24,Union Avoidance,Celeste
155,Lesya,Jepensen,Schutter,lschutter4a@goodreads.com,Female,Icelandic,Viudo,3,25,Igloo,Azul
156,Cosimo,Ben,Ruf,cruf4b@themeforest.net,Male,Kannada,Casado,4,26,Urban Geography,Otro
157,Cherise,Gilson,Roadnight,croadnight4c@pcworld.com,Female,Burmese,Viudo,1,27,Object Oriented Design,Verde
158,Suzy,Millsom,Yvon,syvon4d@umich.edu,Female,Spanish,Casado,2,28,RCMS,Otro
159,Camey,Skitch,Resun,cresun4e@symantec.com,Male,Macedonian,Casado,3,29,PC building,Otro
160,Rudyard,Haresnaip,Ruzicka,rruzicka4f@gmpg.org,Male,Armenian,Soltero,4,30,Management Due Diligence,Rojo
161,Madelin,Adame,Crittal,mcrittal4g@dyndns.org,Female,Nepali,Viudo,1,31,Online Gambling,Azul
162,Eleanor,Eadie,Lintot,elintot4h@stumbleupon.com,Female,Chinese,Soltero,2,32,MTP3,Celeste
163,Odelia,Coltman,Marrington,omarrington4i@com.com,Female,Māori,Casado,3,33,Web Services,Azul
164,Charissa,Deverall,Utley,cutley4j@oaic.gov.au,Female,Quechua,Viudo,4,34,CBT,Celeste
165,Kain,Dael,Creelman,kcreelman4k@godaddy.com,Male,Tamil,Viudo,1,35,Titration,Azul
166,Thorpe,Bassilashvili,Baugh,tbaugh4l@altervista.org,Male,Swedish,Casado,2,36,LDS,Rojo
167,Judas,Prest,Bolgar,jbolgar4m@ebay.co.uk,Male,New Zealand Sign Language,Soltero,3,37,WAN,Amarrillo
168,Urbano,Strute,O' Hanvey,uohanvey4n@home.pl,Male,Montenegrin,Viudo,4,38,IDX,Celeste
169,Shela,Stilly,Acom,sacom4o@craigslist.org,Female,Hungarian,Viudo,1,39,Skin Care,Amarrillo
170,Mohandas,Drinkhall,Manolov,mmanolov4p@ebay.com,Male,Fijian,Viudo,2,40,JBA,Morado
171,Adele,Sprigings,Goosey,agoosey4q@t.co,Female,Tamil,Soltero,3,41,JCAHO,Amarrillo
172,Marj,Peckitt,Hughesdon,mhughesdon4r@diigo.com,Female,Danish,Otro,4,42,Turf,Azul
173,Alf,Noel,McKinnell,amckinnell4s@unesco.org,Male,French,Soltero,1,43,Sleep Disorders,Otro
174,Niel,Kolak,Gogan,ngogan4t@mit.edu,Male,Yiddish,Viudo,2,44,Web Services,Rojo
175,Julius,Creeboe,Duigenan,jduigenan4u@360.cn,Male,Japanese,Soltero,3,45,MDSD,Celeste
176,Fawnia,Mowsdell,Thomton,fthomton4v@webeden.co.uk,Female,Norwegian,Soltero,4,46,BCNE,Rojo
177,Mort,Tureville,Ollington,mollington4w@ihg.com,Male,Catalan,Casado,1,47,uCOS,Verde
178,Shay,Bremmer,Nealand,snealand4x@yale.edu,Male,Swati,Soltero,2,48,DLS,Rojo
179,Matthieu,Greswell,Durnill,mdurnill4y@opera.com,Male,Punjabi,Viudo,3,49,Object Oriented Design,Azul
180,Merry,Tenney,Beller,mbeller4z@addtoany.com,Female,Kashmiri,Viudo,4,50,Object Oriented Design,Otro
181,Shawna,Wharin,Whiting,swhiting50@themeforest.net,Female,English,Viudo,1,51,JCAHO,Otro
182,Hamlin,Elizabeth,Steger,hsteger51@blog.com,Male,Azeri,Viudo,2,52,Dispute Resolution,Rojo
183,Raimondo,Fernan,Kampshell,rkampshell52@wiley.com,Male,Papiamento,Otro,3,53,MDSD,Celeste
184,Mill,Seymer,Kellock,mkellock53@discovery.com,Male,Tamil,Viudo,4,54,Skin Care,Celeste
185,Sebastian,Netherclift,Meller,smeller54@yahoo.com,Male,Amharic,Casado,1,55,Xenu,Verde
186,Jenifer,Turton,Gatchell,jgatchell55@eepurl.com,Female,Kyrgyz,Soltero,2,56,Objective-C,Otro
187,Kalina,Malec,Lovett,klovett56@sphinn.com,Female,Norwegian,Casado,3,57,CBT,Morado
188,Calla,Presnall,Fowden,cfowden57@globo.com,Female,Haitian Creole,Otro,4,58,IEX Total View,Azul
189,Halimeda,Syseland,Brann,hbrann58@prweb.com,Female,Lithuanian,Otro,1,59,MCDBA,Verde
190,Tricia,Crummie,Hemphrey,themphrey59@hexun.com,Female,Georgian,Casado,2,60,IEX Total View,Celeste
191,Asa,Kentish,Andreassen,aandreassen5a@nhs.uk,Male,Bosnian,Viudo,3,61,Klarity,Morado
192,Shannen,Dicey,Clark,sclark5b@yelp.com,Female,Chinese,Soltero,4,62,HV,Celeste
193,Decca,Van der Beek,Dilley,ddilley5c@craigslist.org,Male,Macedonian,Otro,1,63,Erosion,Verde
194,Bondon,Wigan,Shawcross,bshawcross5d@ask.com,Male,Polish,Otro,2,64,JCAHO,Azul
195,Cal,Wrankling,Glazebrook,cglazebrook5e@ezinearticles.com,Male,Bengali,Otro,3,65,RMA,Celeste
196,Gwenette,McCloid,Randleson,grandleson5f@statcounter.com,Female,Estonian,Casado,4,1,Unit Testing,Amarrillo
197,Reggis,Breeds,Masic,rmasic5g@squarespace.com,Male,Gujarati,Viudo,1,2,PVTsim,Celeste
198,Hewett,Clears,Klaassens,hklaassens5h@cyberchimps.com,Male,Pashto,Otro,2,3,Dubbing,Amarrillo
199,Price,Treker,Fursland,pfursland5i@topsy.com,Male,Assamese,Soltero,3,4,DVB-RCS,Azul
200,Alix,Borrott,Frears,afrears5j@admin.ch,Male,Azeri,Soltero,4,5,SGBD,Morado
201,Ruthi,Collister,Ullrich,rullrich5k@naver.com,Female,Gujarati,Otro,1,6,Flooring,Celeste
202,Abigael,McClinton,Rispen,arispen5l@topsy.com,Female,Thai,Casado,2,7,SGBD,Verde
203,Ross,Livock,Vashchenko,rvashchenko5m@deviantart.com,Male,Northern Sotho,Casado,3,8,IDX,Rojo
204,Giffy,Manske,Daines,gdaines5n@webnode.com,Male,Icelandic,Soltero,4,9,Urban Geography,Amarrillo
205,Bar,Crop,Talks,btalks5o@yolasite.com,Male,Lao,Casado,1,10,Kinetic Typography,Morado
206,Nananne,Bosson,Levane,nlevane5p@ucsd.edu,Female,Hindi,Otro,2,11,NFL,Azul
207,Archibald,Gibbetts,Devenport,adevenport5q@amazonaws.com,Male,Gujarati,Soltero,3,12,Klarity,Celeste
208,Jarid,Turbill,Cardiff,jcardiff5r@ow.ly,Male,Tsonga,Otro,4,13,RV,Verde
209,Rina,Rouff,Pobjoy,rpobjoy5s@epa.gov,Female,Irish Gaelic,Viudo,1,14,Flooring,Verde
210,Florence,Concklin,Ridge,fridge5t@google.co.uk,Female,Mongolian,Viudo,2,15,SGBD,Verde
211,Armin,Balazot,Casson,acasson5u@goo.gl,Male,Hebrew,Soltero,3,16,Dispute Resolution,Morado
212,Amandy,Curcher,Degoix,adegoix5v@theglobeandmail.com,Female,Moldovan,Soltero,4,17,Flooring,Verde
213,Lauryn,Stare,Gregersen,lgregersen5w@vk.com,Female,Kazakh,Soltero,1,18,Web Services,Amarrillo
214,Oberon,Cestard,Popeley,opopeley5x@mac.com,Male,Kazakh,Casado,2,19,Ufile,Azul
215,Fergus,McKall,Cushworth,fcushworth5y@discuz.net,Male,Montenegrin,Casado,3,20,Union Avoidance,Rojo
216,Gina,Bedlington,Scarrott,gscarrott5z@odnoklassniki.ru,Female,Dhivehi,Viudo,4,21,BCNE,Rojo
217,Reynold,Hamnet,Cawthorn,rcawthorn60@samsung.com,Male,Armenian,Casado,1,22,Klarity,Otro
218,Yancy,Vacher,Heatly,yheatly61@icio.us,Male,Tsonga,Viudo,2,23,PC building,Rojo
219,Caldwell,Quig,Riddlesden,criddlesden62@ask.com,Male,Tswana,Viudo,3,24,SRDS,Azul
220,Nell,Jessop,Hanaford,nhanaford63@google.de,Female,Gujarati,Otro,4,25,Road Safety,Verde
221,Therine,Whitwood,McColl,tmccoll64@msn.com,Female,Norwegian,Casado,1,26,CVM,Amarrillo
222,Archibald,Adie,Barwack,abarwack65@ocn.ne.jp,Male,Hindi,Casado,2,27,TDA,Azul
223,Barbey,Blenkensop,Anetts,banetts66@livejournal.com,Female,Somali,Otro,3,28,Turf,Azul
224,Eveline,Martinie,Haughian,ehaughian67@blog.com,Female,Tajik,Soltero,4,29,RMA,Morado
225,Georgette,Hawton,Winward,gwinward68@privacy.gov.au,Female,Estonian,Soltero,1,30,TDA,Amarrillo
226,Eliot,Drewery,Goathrop,egoathrop69@mit.edu,Male,Swahili,Casado,2,31,BCNE,Otro
227,Reinwald,Tomkys,Lytton,rlytton6a@economist.com,Male,Somali,Soltero,3,32,Objective-C,Otro
228,Sergeant,Ciccoloi,Longwood,slongwood6b@google.co.jp,Male,Dutch,Soltero,4,33,Titration,Celeste
229,Lissy,Simoni,Cluely,lcluely6c@homestead.com,Female,Korean,Soltero,1,34,SDL Trados,Otro
230,Susannah,Webland,Ondrus,sondrus6d@jigsy.com,Female,Japanese,Viudo,2,35,SDL Trados,Verde
231,Jerrylee,Brennon,Farley,jfarley6e@sakura.ne.jp,Female,Romanian,Casado,3,36,Construction,Celeste
232,Helyn,Crippell,Naulty,hnaulty6f@seattletimes.com,Female,Afrikaans,Viudo,4,37,BCNE,Morado
233,Nari,Bowery,Brundle,nbrundle6g@mlb.com,Female,New Zealand Sign Language,Soltero,1,38,Web Services,Azul
234,Sampson,Guthrum,Jeannot,sjeannot6h@loc.gov,Male,Dzongkha,Soltero,2,39,LDS,Azul
235,Crawford,Chippindall,Blaske,cblaske6i@toplist.cz,Male,Catalan,Soltero,3,40,MTP3,Verde
236,Karel,Daspar,Nickell,knickell6j@theguardian.com,Male,Amharic,Otro,4,41,SDTM,Rojo
237,Pollyanna,Glauber,Wybron,pwybron6k@hexun.com,Female,Romanian,Casado,1,42,Ufile,Azul
238,Gavin,O'Hickee,Ecclestone,gecclestone6l@cbc.ca,Male,Polish,Viudo,2,43,Skin Care,Celeste
239,Webb,Nuemann,Hadenton,whadenton6m@opera.com,Male,Indonesian,Viudo,3,44,Dubbing,Verde
240,Itch,Crowe,Juorio,ijuorio6n@wunderground.com,Male,Dutch,Otro,4,45,Klarity,Verde
241,Malia,Semaine,Perigeaux,mperigeaux6o@tripadvisor.com,Female,Afrikaans,Viudo,1,46,RMA,Celeste
242,Fanya,Brearley,Hinken,fhinken6p@phpbb.com,Female,Tsonga,Viudo,2,47,Cash Flow,Morado
243,Daven,Gurley,Galbraith,dgalbraith6q@merriam-webster.com,Male,Khmer,Otro,3,48,Igloo,Morado
244,Ronny,Harbin,Lehrmann,rlehrmann6r@irs.gov,Female,Gagauz,Soltero,4,49,Igloo,Verde
245,Maynord,Mendonca,Anwell,manwell6s@dion.ne.jp,Male,Papiamento,Soltero,1,50,LLU,Morado
246,Lucio,Petrashov,Bilby,lbilby6t@thetimes.co.uk,Male,Lao,Soltero,2,51,MCDBA,Celeste
247,Euphemia,Briatt,Salsberg,esalsberg6u@moonfruit.com,Female,Tetum,Otro,3,52,DLS,Celeste
248,Blondelle,Nother,Gulliver,bgulliver6v@weather.com,Female,Haitian Creole,Viudo,4,53,International Sales,Celeste
249,Wendeline,Izkovitch,De Pero,wdepero6w@ca.gov,Female,Spanish,Soltero,1,54,Titration,Azul
250,Giorgio,Onians,Nicol,gnicol6x@buzzfeed.com,Male,Greek,Casado,2,55,Ufile,Otro
251,Karola,Few,Capewell,kcapewell6y@gnu.org,Female,Kannada,Casado,3,56,SRDS,Amarrillo
252,Kirbee,Gillivrie,Currum,kcurrum6z@whitehouse.gov,Female,Kyrgyz,Soltero,4,57,Management Due Diligence,Morado
253,Marcellina,Hoyte,Currao,mcurrao70@slate.com,Female,Swedish,Otro,1,58,DVB-RCS,Rojo
254,Cirilo,Fowden,Beglin,cbeglin71@last.fm,Male,Spanish,Casado,2,59,Skin Care,Morado
255,Zondra,Dauncey,Jedrzejczak,zjedrzejczak72@smh.com.au,Female,Albanian,Viudo,3,60,Xpress,Rojo
256,Delphinia,Wensley,O'Sullivan,dosullivan73@sohu.com,Female,Northern Sotho,Viudo,4,61,TDA,Verde
257,Tawnya,Ollerhead,McReynold,tmcreynold74@youku.com,Female,Khmer,Soltero,1,62,UMTS,Morado
258,Angelica,Pennicard,Jinkins,ajinkins75@discuz.net,Female,Malay,Casado,2,63,Agronomy,Azul
259,Jody,Mabon,Schneider,jschneider76@opensource.org,Male,New Zealand Sign Language,Otro,3,64,Online Gambling,Rojo
260,Graeme,Bollini,Grinishin,ggrinishin77@globo.com,Male,Tsonga,Viudo,4,65,Digital Marketing,Azul
261,Letisha,Kindall,Gon,lgon78@icq.com,Female,Kazakh,Soltero,1,1,Brokers,Verde
262,Beryle,Bonnett,Carlo,bcarlo79@goodreads.com,Female,West Frisian,Viudo,2,2,RV,Morado
263,Lenka,Sunners,Eitter,leitter7a@discuz.net,Female,Norwegian,Soltero,3,3,Igloo,Celeste
264,Anabel,Grane,Caverhill,acaverhill7b@cocolog-nifty.com,Female,Afrikaans,Otro,4,4,CBT,Rojo
265,Gerhardt,Ilem,Messier,gmessier7c@berkeley.edu,Male,Gagauz,Viudo,1,5,Klarity,Rojo
266,Felipe,Varga,Lampaert,flampaert7d@java.com,Male,Danish,Viudo,2,6,CQA,Amarrillo
267,Andy,Jannaway,Forman,aforman7e@bizjournals.com,Female,Latvian,Soltero,3,7,IDX,Morado
268,Zorah,Sutherns,Rampley,zrampley7f@barnesandnoble.com,Female,Catalan,Otro,4,8,Sleep Disorders,Otro
269,Joelynn,Orhtmann,Carlos,jcarlos7g@dmoz.org,Female,Burmese,Viudo,1,9,Xenu,Otro
270,Debbie,Varvell,Starmont,dstarmont7h@csmonitor.com,Female,Tswana,Casado,2,10,HV,Azul
271,Gert,Jaze,Souness,gsouness7i@networksolutions.com,Female,Romanian,Soltero,3,11,Online Gambling,Celeste
272,Gates,Crush,Braz,gbraz7j@google.com.br,Female,Thai,Casado,4,12,RV,Verde
273,Francois,Oldershaw,Cauderlie,fcauderlie7k@arizona.edu,Male,Estonian,Soltero,1,13,MCDBA,Otro
274,Ellerey,Woodier,Dryden,edryden7l@ted.com,Male,Pashto,Viudo,2,14,JCAHO,Otro
275,Massimo,Dmych,Costy,mcosty7m@gov.uk,Male,Spanish,Viudo,3,15,Xenu,Otro
276,Aubrey,Tiebe,Foxton,afoxton7n@nytimes.com,Female,Zulu,Otro,4,16,MDSD,Verde
277,Lynn,Rabley,Heffernon,lheffernon7o@i2i.jp,Male,Norwegian,Otro,1,17,HV,Morado
278,Hurley,Speer,Itzkin,hitzkin7p@kickstarter.com,Male,Norwegian,Casado,2,18,CQA,Azul
279,Kevin,Eversfield,Easeman,keaseman7q@bloglovin.com,Male,Northern Sotho,Viudo,3,19,JBA,Celeste
280,Laural,Livsey,Barbe,lbarbe7r@senate.gov,Female,Tswana,Viudo,4,20,JCAHO,Morado
281,Ayn,Egdell,Stabler,astabler7s@diigo.com,Female,Persian,Viudo,1,21,Xenu,Morado
282,Haslett,Houson,Wisam,hwisam7t@tumblr.com,Male,Kurdish,Casado,2,22,Digital Marketing,Celeste
283,Saundra,Critten,Foulsham,sfoulsham7u@ed.gov,Male,Dutch,Casado,3,23,Go,Verde
284,Marlene,Stopp,Haveline,mhaveline7v@msn.com,Female,Tetum,Casado,4,24,UMTS,Otro
285,Casey,De Stoop,Gillease,cgillease7w@amazon.de,Male,Persian,Soltero,1,25,Object Oriented Design,Amarrillo
286,Emelina,Serle,Kezor,ekezor7x@time.com,Female,Catalan,Casado,2,26,Digital Marketing,Celeste
287,Beverley,Probey,Attrie,battrie7y@wunderground.com,Female,Hungarian,Casado,3,27,CVM,Rojo
288,Milli,Ovington,Izat,mizat7z@webeden.co.uk,Female,Persian,Casado,4,28,NFL,Verde
289,Hanni,Savatier,Lamberto,hlamberto80@fc2.com,Female,Spanish,Casado,1,29,International Sales,Morado
290,Ash,Gullane,Loveridge,aloveridge81@usa.gov,Male,Latvian,Otro,2,30,PC building,Amarrillo
291,Lon,Veronique,McElane,lmcelane82@scientificamerican.com,Male,Marathi,Otro,3,31,Cash Flow,Amarrillo
292,Bettina,Longden,Garbott,bgarbott83@earthlink.net,Female,Quechua,Soltero,4,32,Skin Care,Celeste
293,Bryanty,Marieton,Halfhyde,bhalfhyde84@telegraph.co.uk,Male,Moldovan,Otro,1,33,LDS,Verde
294,Edy,Hale,Arno,earno85@discovery.com,Female,Tok Pisin,Otro,2,34,Construction,Verde
295,Ross,Isacq,Macklin,rmacklin86@about.me,Male,Danish,Viudo,3,35,RCMS,Celeste
296,Harlan,Sawyer,Marling,hmarling87@typepad.com,Male,Malayalam,Casado,4,36,Application Architecture,Otro
297,Thadeus,Zanelli,Wickman,twickman88@jugem.jp,Male,Luxembourgish,Casado,1,37,JCAHO,Azul
298,Wendie,Klemmt,Yaakov,wyaakov89@shinystat.com,Female,Irish Gaelic,Otro,2,38,TDA,Morado
299,Garik,Mower,Ruegg,gruegg8a@pen.io,Male,Latvian,Soltero,3,39,Management Due Diligence,Amarrillo
300,Jeffry,Boobier,Learmouth,jlearmouth8b@accuweather.com,Male,Hungarian,Viudo,4,40,MDSD,Azul
301,Megan,Sheard,Szimon,mszimon8c@omniture.com,Female,Yiddish,Viudo,1,41,Application Architecture,Otro
302,Seana,Ewert,Warret,swarret8d@mlb.com,Female,Kyrgyz,Viudo,2,42,PC building,Otro
303,Quintin,Tedder,Brettle,qbrettle8e@addthis.com,Male,Chinese,Casado,3,43,MDSD,Celeste
304,Roseanna,Vedyashkin,Chazette,rchazette8f@google.com.au,Female,Macedonian,Soltero,4,44,PVTsim,Otro
305,Iosep,Sleith,Skehan,iskehan8g@google.com.au,Male,Gujarati,Casado,1,45,HV,Verde
306,Patrizio,Gauvin,Spyby,pspyby8h@macromedia.com,Male,Polish,Casado,2,46,CQA,Amarrillo
307,Cleon,Windows,Brickhill,cbrickhill8i@nasa.gov,Male,Tamil,Otro,3,47,Objective-C,Celeste
308,Matthew,Notley,Piddington,mpiddington8j@oakley.com,Male,Amharic,Casado,4,48,Union Avoidance,Azul
309,Malinde,Wadge,McMechan,mmcmechan8k@si.edu,Female,Swahili,Viudo,1,49,Start-ups,Azul
310,Mari,Cartin,Braune,mbraune8l@answers.com,Female,Amharic,Viudo,2,50,PVTsim,Azul
311,Shellysheldon,Nicklen,Burwood,sburwood8m@buzzfeed.com,Male,Norwegian,Viudo,3,51,JCAHO,Amarrillo
312,Allen,Sipson,Thirlwell,athirlwell8n@dailymotion.com,Male,Tetum,Soltero,4,52,HV,Amarrillo
313,Brent,Bettleson,Docker,bdocker8o@bbc.co.uk,Male,Bislama,Casado,1,53,Digital Marketing,Amarrillo
314,Fawn,Jude,Durante,fdurante8p@geocities.com,Female,Polish,Otro,2,54,DVB-RCS,Otro
315,Van,Eaton,Mingame,vmingame8q@ebay.co.uk,Female,Dzongkha,Viudo,3,55,Yammer,Celeste
316,Fabe,O'Reagan,Bastistini,fbastistini8r@de.vu,Male,Kashmiri,Soltero,4,56,JDK,Rojo
317,Ara,Plaskitt,Stave,astave8s@dagondesign.com,Female,Northern Sotho,Casado,1,57,SGBD,Azul
318,Jermayne,Bagster,Darkott,jdarkott8t@dion.ne.jp,Male,Luxembourgish,Viudo,2,58,Adobe Creative Suite,Azul
319,Arv,Hovert,Diss,adiss8u@newsvine.com,Male,Dutch,Soltero,3,59,SDL Trados,Rojo
320,Henderson,Japp,Mullaney,hmullaney8v@networksolutions.com,Male,Arabic,Casado,4,60,DVB-RCS,Morado
321,Erin,Bisco,Needs,eneeds8w@toplist.cz,Male,Amharic,Otro,1,61,Digital Marketing,Azul
322,Isidro,Rotherham,Callender,icallender8x@shareasale.com,Male,Greek,Otro,2,62,SGBD,Azul
323,Jesus,Garratt,Stonestreet,jstonestreet8y@cbsnews.com,Male,Thai,Soltero,3,63,Object Oriented Design,Verde
324,Renae,Millar,Tampin,rtampin8z@tinypic.com,Female,Hungarian,Otro,4,64,Brokers,Morado
325,Amy,Romaines,Cordel,acordel90@disqus.com,Female,Swati,Soltero,1,65,Urban Geography,Verde
326,Shell,Alsina,Copson,scopson91@indiatimes.com,Female,Spanish,Otro,2,1,Go,Verde
327,Kizzie,Allawy,Gobbet,kgobbet92@redcross.org,Female,Latvian,Otro,3,2,Online Gambling,Verde
328,Calhoun,Gossipin,Colthard,ccolthard93@reddit.com,Male,Māori,Soltero,4,3,Union Avoidance,Verde
329,Lissa,Benz,Rimington,lrimington94@jimdo.com,Female,Dutch,Soltero,1,4,JBA,Morado
330,Gracie,Bradie,Reinger,greinger95@alibaba.com,Female,Sotho,Otro,2,5,Go,Otro
331,Rutter,Conklin,Gillbe,rgillbe96@devhub.com,Male,Azeri,Otro,3,6,RV,Amarrillo
332,Fabian,Cameli,Thay,fthay97@state.tx.us,Male,Telugu,Casado,4,7,Sleep Disorders,Celeste
333,Vasili,Hindshaw,Ormonde,vormonde98@issuu.com,Male,Northern Sotho,Casado,1,8,Object Oriented Design,Verde
334,Merrielle,Emmett,Georgiades,mgeorgiades99@bloglines.com,Female,Māori,Casado,2,9,Management Due Diligence,Morado
335,Constance,Allsup,Elington,celington9a@csmonitor.com,Female,Kyrgyz,Viudo,3,10,Yammer,Rojo
336,Jillian,Levinge,Mechem,jmechem9b@wp.com,Female,Malayalam,Soltero,4,11,Yammer,Verde
337,Kiele,MacNeillie,Pomeroy,kpomeroy9c@exblog.jp,Female,Bislama,Soltero,1,12,SDL Trados,Verde
338,Aurelia,Bloomer,Quickenden,aquickenden9d@ycombinator.com,Female,Azeri,Otro,2,13,RMA,Amarrillo
339,Gibb,Trewhela,McDuff,gmcduff9e@mediafire.com,Male,Portuguese,Viudo,3,14,CVM,Otro
340,Atlanta,Grisedale,Cicculini,acicculini9f@biblegateway.com,Female,Kurdish,Casado,4,15,CBT,Celeste
341,Yul,Trimbey,Breznovic,ybreznovic9g@craigslist.org,Male,Norwegian,Soltero,1,16,SDTM,Morado
342,Wiatt,Simonian,Humm,whumm9h@ucoz.com,Male,Thai,Viudo,2,17,SDL Trados,Celeste
343,Siana,Grime,Renvoise,srenvoise9i@globo.com,Female,Swati,Soltero,3,18,Digital Marketing,Verde
344,Marlin,Longden,Craik,mcraik9j@zdnet.com,Male,Quechua,Viudo,4,19,Dubbing,Azul
345,Nonie,Myford,Mitchelmore,nmitchelmore9k@baidu.com,Female,Spanish,Casado,1,20,Object Oriented Design,Otro
346,Pearle,Reinbach,Jaye,pjaye9l@phpbb.com,Female,Quechua,Soltero,2,21,Urban Geography,Verde
347,Anett,Bleddon,Dunleavy,adunleavy9m@usgs.gov,Female,Lao,Soltero,3,22,Construction,Rojo
348,Giffy,Aronoff,Corten,gcorten9n@ucoz.ru,Male,Haitian Creole,Viudo,4,23,Union Avoidance,Verde
349,Bird,Eisenberg,Craigheid,bcraigheid9o@tuttocitta.it,Female,Hungarian,Soltero,1,24,RMI,Rojo
350,Errick,Oldis,Getty,egetty9p@blogtalkradio.com,Male,Bengali,Viudo,2,25,CVM,Celeste
351,Marj,Baldini,Sesser,msesser9q@github.com,Female,Zulu,Soltero,3,26,Igloo,Otro
352,Huey,De Matteis,Sandiland,hsandiland9r@google.co.uk,Male,Khmer,Casado,4,27,MCDBA,Otro
353,Drucie,Toun,Olczyk,dolczyk9s@reference.com,Female,Macedonian,Viudo,1,28,Adobe Creative Suite,Otro
354,Camilla,Sahnow,Lemonby,clemonby9t@dot.gov,Female,Khmer,Otro,2,29,Alumni Relations,Rojo
355,Annamarie,Goldingay,Duck,aduck9u@jigsy.com,Female,Arabic,Otro,3,30,HBA,Celeste
356,Corine,Shirt,Leadbeatter,cleadbeatter9v@clickbank.net,Female,Kannada,Soltero,4,31,SDL Trados,Azul
357,Hertha,Kees,Clague,hclague9w@nydailynews.com,Female,Sotho,Casado,1,32,Dispute Resolution,Morado
358,Karel,Choppen,Piatto,kpiatto9x@pinterest.com,Male,Swati,Viudo,2,33,Cash Flow,Rojo
359,Willa,Murcott,Sharples,wsharples9y@ow.ly,Female,Indonesian,Viudo,3,34,RMI,Verde
360,Ximenez,Lanchberry,Melross,xmelross9z@privacy.gov.au,Male,Assamese,Otro,4,35,NFL,Rojo
361,Carr,Tassaker,Grimme,cgrimmea0@macromedia.com,Male,Azeri,Soltero,1,36,XTRACT,Otro
362,Drucy,Braganca,Kmiec,dkmieca1@paginegialle.it,Female,Punjabi,Viudo,2,37,Dispute Resolution,Azul
363,Eba,Woodworth,Ansteys,eansteysa2@accuweather.com,Female,Chinese,Viudo,3,38,Ufile,Rojo
364,Colver,Ewing,Gammidge,cgammidgea3@woothemes.com,Male,Tok Pisin,Viudo,4,39,XTRACT,Otro
365,Bernadina,Halegarth,Galer,bgalera4@pinterest.com,Female,Catalan,Casado,1,40,Skin Care,Morado
366,Delmer,Penwright,Slevin,dslevina5@symantec.com,Male,Kashmiri,Otro,2,41,MDSD,Morado
367,Boris,Daish,Menendez,bmenendeza6@hubpages.com,Male,Bislama,Otro,3,42,Klarity,Rojo
368,Tobin,Niesegen,Fishenden,tfishendena7@liveinternet.ru,Male,Zulu,Otro,4,43,RMA,Verde
369,Zachery,Pickaver,Raywood,zraywooda8@yale.edu,Male,Amharic,Casado,1,44,Construction,Otro
370,Kaitlin,Robbe,Longstaffe,klongstaffea9@w3.org,Female,Burmese,Viudo,2,45,Go,Verde
371,Aidan,Guillon,Pencost,apencostaa@cloudflare.com,Female,Greek,Viudo,3,46,Yammer,Rojo
372,Bond,Mossbee,Matusov,bmatusovab@mayoclinic.com,Male,Burmese,Soltero,4,47,uCOS,Amarrillo
373,Bear,Solley,Bowbrick,bbowbrickac@gizmodo.com,Male,Hiri Motu,Otro,1,48,Road Safety,Morado
374,Erich,Wastell,Doodney,edoodneyad@netvibes.com,Male,Northern Sotho,Viudo,2,49,RMA,Rojo
375,Jonie,Blaske,Antonsen,jantonsenae@twitter.com,Female,Norwegian,Casado,3,50,Objective-C,Otro
376,Jermaine,Stirrup,Everton,jevertonaf@admin.ch,Male,Kurdish,Casado,4,51,UMTS,Amarrillo
377,Perle,Climance,Issatt,pissattag@dmoz.org,Female,Czech,Soltero,1,52,Erosion,Rojo
378,Elfie,Merrisson,Lowin,elowinah@noaa.gov,Female,Swedish,Casado,2,53,SDL Trados,Amarrillo
379,Christiane,Galtone,MacKeogh,cmackeoghai@upenn.edu,Female,Swedish,Otro,3,54,Object Oriented Design,Amarrillo
380,Pavel,MacGiany,Rama,pramaaj@mail.ru,Male,Gujarati,Otro,4,55,SGBD,Amarrillo
381,Darlleen,Leonardi,Gayne,dgayneak@netscape.com,Female,Fijian,Viudo,1,56,WAN,Celeste
382,Valentina,Bloyes,Negri,vnegrial@cbslocal.com,Female,Lao,Otro,2,57,CBT,Celeste
383,Doralyn,Peaden,Rathbone,drathboneam@sciencedaily.com,Female,Portuguese,Viudo,3,58,SSL Duality,Otro
384,Henriette,Ellams,Coldwell,hcoldwellan@instagram.com,Female,Kashmiri,Casado,4,59,Brokers,Otro
385,Taite,Dutton,Brayfield,tbrayfieldao@yelp.com,Male,Tok Pisin,Casado,1,60,DLS,Morado
386,Mellisent,Thewless,Juanico,mjuanicoap@icq.com,Female,Chinese,Casado,2,61,Klarity,Morado
387,Celestia,Wringe,Tessyman,ctessymanaq@geocities.com,Female,Hiri Motu,Otro,3,62,CVM,Amarrillo
388,Seymour,Chiverstone,Roote,srootear@loc.gov,Male,Burmese,Casado,4,63,Web Services,Celeste
389,Graehme,Millwall,Koppke,gkoppkeas@cbsnews.com,Male,Amharic,Viudo,1,64,SGBD,Morado
390,Bobbie,Brucker,Pepineaux,bpepineauxat@lycos.com,Male,Spanish,Soltero,2,65,MDSD,Rojo
391,Thom,Dudding,Rosenwald,trosenwaldau@epa.gov,Male,Japanese,Casado,3,1,IEX Total View,Azul
392,Fran,De Caville,Bollom,fbollomav@constantcontact.com,Male,Norwegian,Viudo,4,2,BCNE,Otro
393,Mikel,Doggett,MacKeig,mmackeigaw@wiley.com,Male,Kurdish,Otro,1,3,DVB-RCS,Celeste
394,Daron,Waltho,Yanyshev,dyanyshevax@nature.com,Male,Hungarian,Casado,2,4,MTP3,Otro
395,Frank,Kissock,Doherty,fdohertyay@hibu.com,Male,Khmer,Viudo,3,5,XTRACT,Verde
396,Jervis,Jeune,Gribbon,jgribbonaz@state.tx.us,Male,Portuguese,Casado,4,6,Agronomy,Azul
397,Ingelbert,Quinsee,Canto,icantob0@w3.org,Male,Guaraní,Viudo,1,7,SDL Trados,Rojo
398,Kearney,Else,Barwick,kbarwickb1@baidu.com,Male,Ndebele,Casado,2,8,JDK,Azul
399,Renard,Seamer,Marriage,rmarriageb2@ask.com,Male,Marathi,Casado,3,9,Klarity,Rojo
400,Dacia,Scollard,Gobbett,dgobbettb3@ebay.com,Female,Azeri,Viudo,4,10,Brokers,Morado
401,Maurice,Keyzman,Ruston,mrustonb4@example.com,Male,Armenian,Casado,1,11,Klarity,Otro
402,Devora,Geddis,Junes,djunesb5@etsy.com,Female,Bengali,Casado,2,12,HBA,Rojo
403,Swen,Ferroni,Poli,spolib6@stumbleupon.com,Male,French,Viudo,3,13,RMA,Rojo
404,Klement,Rubinow,Phant,kphantb7@behance.net,Male,Marathi,Casado,4,14,Start-ups,Morado
405,Joan,Schiesterl,Hollows,jhollowsb8@hp.com,Female,Kyrgyz,Casado,1,15,Alumni Relations,Celeste
406,Florencia,McCarter,Sircombe,fsircombeb9@naver.com,Female,Tajik,Soltero,2,16,SGBD,Amarrillo
407,Joy,Blakeden,Bonus,jbonusba@51.la,Female,Hungarian,Viudo,3,17,BCNE,Morado
408,Boy,Tanfield,Clissold,bclissoldbb@zdnet.com,Male,Finnish,Otro,4,18,Yammer,Otro
409,Jo,Hindmore,Borborough,jborboroughbc@exblog.jp,Female,Marathi,Viudo,1,19,Kinetic Typography,Amarrillo
410,Sabina,Gelder,Wilstead,swilsteadbd@clickbank.net,Female,Swati,Otro,2,20,LDS,Celeste
411,Mersey,Dadds,Wankel,mwankelbe@sakura.ne.jp,Female,Haitian Creole,Casado,3,21,Klarity,Otro
412,Julietta,Longshaw,Tewes,jtewesbf@ow.ly,Female,Hebrew,Casado,4,22,Titration,Rojo
413,Joane,Paulin,Perulli,jperullibg@merriam-webster.com,Female,Albanian,Casado,1,23,SSL Duality,Verde
414,Terry,Elen,Tutsell,ttutsellbh@reddit.com,Male,Tswana,Viudo,2,24,Adobe Creative Suite,Morado
415,Alfredo,Feldbrin,Merton,amertonbi@people.com.cn,Male,Hungarian,Otro,3,25,Alumni Relations,Otro
416,Peterus,Tokell,Ahrendsen,pahrendsenbj@dell.com,Male,Lithuanian,Viudo,4,26,Web Services,Verde
417,Niccolo,Cavalier,Eschelle,neschellebk@rambler.ru,Male,German,Soltero,1,27,UMTS,Morado
418,Fernande,Hurring,Chaunce,fchauncebl@unesco.org,Female,Indonesian,Soltero,2,28,BMC Remedy User,Morado
419,Tillie,Laidel,Balderstone,tbalderstonebm@mediafire.com,Female,Arabic,Viudo,3,29,PVTsim,Otro
420,Ryley,Broderick,Madrell,rmadrellbn@examiner.com,Male,Gagauz,Otro,4,30,Cash Flow,Celeste
421,Rudyard,Cunde,Labb,rlabbbo@yahoo.com,Male,Somali,Soltero,1,31,Turf,Verde
422,Ignace,Rioch,Northam,inorthambp@cyberchimps.com,Male,Portuguese,Soltero,2,32,MDSD,Azul
423,Phelia,Money,Dunckley,pdunckleybq@sakura.ne.jp,Female,Malagasy,Soltero,3,33,Skin Care,Rojo
424,Herta,Doumerc,Baldacchi,hbaldacchibr@blog.com,Female,Swedish,Casado,4,34,RMA,Otro
425,Kathryn,Cordeiro,Glasgow,kglasgowbs@vistaprint.com,Female,Montenegrin,Casado,1,35,Klarity,Celeste
426,Scarface,Mickelwright,Thams,sthamsbt@wired.com,Male,Telugu,Casado,2,36,Erosion,Morado
427,Sydney,Garretson,Aubrun,saubrunbu@businessinsider.com,Male,Māori,Otro,3,37,Kinetic Typography,Verde
428,Sadie,Macourek,Spinke,sspinkebv@businesswire.com,Female,Kashmiri,Otro,4,38,Web Services,Otro
429,Filbert,Mearns,Urian,furianbw@howstuffworks.com,Male,Lao,Casado,1,39,SDL Trados,Rojo
430,Eugenie,Eves,Bougourd,ebougourdbx@sciencedaily.com,Female,Telugu,Otro,2,40,DLS,Amarrillo
431,Vincenty,Coe,Bulfoot,vbulfootby@wikimedia.org,Male,Swahili,Casado,3,41,BMC Remedy User,Morado
432,Gerardo,Novacek,Leale,glealebz@huffingtonpost.com,Male,Georgian,Viudo,4,42,Kinetic Typography,Verde
433,Man,Goulston,Taylorson,mtaylorsonc0@sohu.com,Male,Pashto,Otro,1,43,LDS,Rojo
434,Katuscha,Prew,Doodson,kdoodsonc1@va.gov,Female,Estonian,Soltero,2,44,MTP3,Otro
435,Orland,Duiged,Lenormand,olenormandc2@admin.ch,Male,New Zealand Sign Language,Otro,3,45,Construction,Rojo
436,Oriana,Flips,Horrigan,ohorriganc3@illinois.edu,Female,Kazakh,Otro,4,46,Erosion,Otro
437,Aubrie,Reeves,Chanter,achanterc4@tumblr.com,Female,West Frisian,Casado,1,47,HV,Azul
438,Mead,Rootes,Leadbeatter,mleadbeatterc5@smh.com.au,Male,Kazakh,Otro,2,48,Construction,Verde
439,Ginelle,Gras,Menault,gmenaultc6@techcrunch.com,Female,Tsonga,Casado,3,49,Sleep Disorders,Amarrillo
440,Dalenna,Filippo,Giles,dgilesc7@nasa.gov,Female,Bosnian,Soltero,4,50,XTRACT,Verde
441,Garvey,Ballantine,Reubens,greubensc8@japanpost.jp,Male,Quechua,Otro,1,51,Go,Amarrillo
442,Alaster,Brewitt,Shelbourne,ashelbournec9@zdnet.com,Male,Chinese,Casado,2,52,Sleep Disorders,Azul
443,Betti,Gully,Pietasch,bpietaschca@globo.com,Female,Māori,Soltero,3,53,Flooring,Celeste
444,Ami,De Moreno,Edmonds,aedmondscb@tumblr.com,Female,Papiamento,Otro,4,54,LLU,Morado
445,Kinnie,Iskow,Lomax,klomaxcc@xrea.com,Male,Montenegrin,Viudo,1,55,Alumni Relations,Morado
446,Dari,Seawright,Seabrook,dseabrookcd@sourceforge.net,Female,Spanish,Viudo,2,56,Dubbing,Azul
447,Gaynor,Bulman,Witter,gwitterce@sciencedirect.com,Female,Romanian,Casado,3,57,RCMS,Morado
448,Daron,Braycotton,Kyffin,dkyffincf@china.com.cn,Male,Icelandic,Viudo,4,58,SGBD,Amarrillo
449,Rafferty,McShee,Tesmond,rtesmondcg@answers.com,Male,Macedonian,Otro,1,59,SRDS,Rojo
450,Nicoline,Mellows,Winders,nwindersch@smugmug.com,Female,Gujarati,Viudo,2,60,MCDBA,Celeste
451,Fernandina,Soulsby,Robilliard,frobilliardci@economist.com,Female,Pashto,Casado,3,61,Xenu,Azul
452,Dollie,Furnell,McGuckin,dmcguckincj@tinyurl.com,Female,Malayalam,Soltero,4,62,Titration,Amarrillo
453,Orbadiah,Ridd,Briant,obriantck@amazon.de,Male,Māori,Soltero,1,63,CBT,Rojo
454,Diarmid,Kneebone,Anyon,danyoncl@gov.uk,Male,Assamese,Casado,2,64,Xpress,Otro
455,Gerardo,Mulford,Tregona,gtregonacm@google.cn,Male,Tetum,Viudo,3,65,JDK,Verde
456,Fawne,Carrigan,Lyndon,flyndoncn@desdev.cn,Female,Tajik,Casado,4,1,CQA,Rojo
457,Raimondo,Fucher,Ewell,rewellco@nytimes.com,Male,Pashto,Soltero,1,2,Agronomy,Amarrillo
458,Aile,Langthorne,Jakubovicz,ajakuboviczcp@upenn.edu,Female,Danish,Soltero,2,3,MCDBA,Verde
459,Norri,Donaghy,Kobieriecki,nkobierieckicq@vimeo.com,Female,Afrikaans,Otro,3,4,MTP3,Celeste
460,Madelyn,McKleod,Wiley,mwileycr@dmoz.org,Female,Croatian,Otro,4,5,JBA,Verde
461,Nikolaus,Shieber,Girardi,ngirardics@xrea.com,Male,Bislama,Casado,1,6,Xenu,Morado
462,Griff,Coatts,Moine,gmoinect@google.com.au,Male,Belarusian,Viudo,2,7,Sleep Disorders,Morado
463,Haskel,Barnewall,Breznovic,hbreznoviccu@ed.gov,Male,German,Casado,3,8,BMC Remedy User,Morado
464,Arvin,Whyler,Riedel,ariedelcv@mtv.com,Male,Zulu,Casado,4,9,Alumni Relations,Morado
465,Nessi,Duly,Emanuelov,nemanuelovcw@hostgator.com,Female,Malayalam,Viudo,1,10,Sleep Disorders,Morado
466,Nadeen,Kristof,Loveday,nlovedaycx@berkeley.edu,Female,Kazakh,Soltero,2,11,Cash Flow,Celeste
467,Sheffield,Softley,Ashford,sashfordcy@marketwatch.com,Male,Malayalam,Viudo,3,12,Dubbing,Morado
468,Normand,Silverlock,Duckitt,nduckittcz@newsvine.com,Male,Amharic,Casado,4,13,SSL Duality,Morado
469,Bogart,Robardey,Hegdonne,bhegdonned0@sakura.ne.jp,Male,New Zealand Sign Language,Otro,1,14,CVM,Amarrillo
470,Obadias,Brands,Turfs,oturfsd1@google.com.br,Male,Filipino,Viudo,2,15,Agronomy,Azul
471,Eleonora,Cadagan,Venton,eventond2@ucoz.ru,Female,Gagauz,Viudo,3,16,uCOS,Morado
472,Hayward,Ternouth,Nazair,hnazaird3@ed.gov,Male,Haitian Creole,Casado,4,17,Object Oriented Design,Otro
473,Inga,Musk,Van den Bosch,ivandenboschd4@free.fr,Female,Sotho,Otro,1,18,LLU,Otro
474,Hasty,Roseblade,Boyen,hboyend5@goo.gl,Male,Moldovan,Otro,2,19,WAN,Verde
475,Stanly,Bradtke,Yegorchenkov,syegorchenkovd6@google.com.br,Male,Māori,Viudo,3,20,uCOS,Morado
476,Tedmund,Pouck,Sandeman,tsandemand7@jigsy.com,Male,Dzongkha,Soltero,4,21,XTRACT,Azul
477,Shepperd,Sibbons,McAlester,smcalesterd8@ebay.com,Male,Oriya,Casado,1,22,Agronomy,Rojo
478,Fin,Ower,Zamorrano,fzamorranod9@webs.com,Male,Tetum,Viudo,2,23,XTRACT,Amarrillo
479,Hannis,Hucknall,Beville,hbevilleda@netscape.com,Female,Tsonga,Otro,3,24,Objective-C,Rojo
480,Allene,Cotter,McLugish,amclugishdb@java.com,Female,Polish,Soltero,4,25,NFL,Amarrillo
481,Ignacio,Jeacocke,Ziemens,iziemensdc@people.com.cn,Male,Hiri Motu,Otro,1,26,International Sales,Morado
482,Kirsteni,Fernan,Tree,ktreedd@hugedomains.com,Female,Tamil,Otro,2,27,Object Oriented Design,Morado
483,Petronia,Stodd,Stallan,pstallande@zdnet.com,Female,Italian,Soltero,3,28,MTP3,Amarrillo
484,Ernestine,Caldicott,Mion,emiondf@free.fr,Female,Haitian Creole,Soltero,4,29,Digital Marketing,Azul
485,Ardene,Sorrill,Beushaw,abeushawdg@netscape.com,Female,Dhivehi,Soltero,1,30,Web Services,Azul
486,Margret,Sewley,Fearnall,mfearnalldh@usatoday.com,Female,Tamil,Viudo,2,31,Objective-C,Morado
487,Lila,Lewin,Arnaez,larnaezdi@pinterest.com,Female,German,Soltero,3,32,BMC Remedy User,Amarrillo
488,Britte,McIlharga,McKinn,bmckinndj@qq.com,Female,West Frisian,Otro,4,33,RCMS,Celeste
489,Meagan,Barwell,Marieton,mmarietondk@hexun.com,Female,Dhivehi,Viudo,1,34,SRDS,Verde
490,Emlynne,Stell,Zorzin,ezorzindl@google.it,Female,Afrikaans,Otro,2,35,Application Architecture,Celeste
491,Tibold,Driussi,Baggallay,tbaggallaydm@google.co.uk,Male,Moldovan,Casado,3,36,DLS,Rojo
492,Sherwin,Ciccarello,Imason,simasondn@hud.gov,Male,Norwegian,Casado,4,37,HV,Rojo
493,Berky,Knoble,Bilyard,bbilyarddo@kickstarter.com,Male,Arabic,Soltero,1,38,TDA,Amarrillo
494,Melina,Lukes,Mahedy,mmahedydp@meetup.com,Female,Hungarian,Otro,2,39,XTRACT,Verde
495,Devora,Tocher,Laird,dlairddq@jimdo.com,Female,Malagasy,Viudo,3,40,Xenu,Morado
496,Brion,Gammack,Sinderson,bsindersondr@about.me,Male,Lithuanian,Viudo,4,41,IDX,Otro
497,Bogey,Giacubo,Armall,barmallds@goo.gl,Male,German,Casado,1,42,Agronomy,Azul
498,Janet,Elwood,Jirusek,jjirusekdt@blog.com,Female,Latvian,Otro,2,43,Road Safety,Azul
499,Talbert,Dewane,Hudspith,thudspithdu@vk.com,Male,Kashmiri,Casado,3,44,Construction,Amarrillo
500,Vyky,Barnbrook,Foottit,vfoottitdv@imdb.com,Female,Dhivehi,Soltero,4,45,PPC,Azul
501,Cari,Magenny,Dunmuir,cdunmuirdw@desdev.cn,Female,Indonesian,Casado,1,46,Objective-C,Rojo
502,Roze,Messenger,Kilgrove,rkilgrovedx@histats.com,Female,Croatian,Viudo,2,47,MCDBA,Celeste
503,Anson,Pregal,Waples,awaplesdy@vistaprint.com,Male,Estonian,Soltero,3,48,Brokers,Rojo
504,Innis,Syder,Barlass,ibarlassdz@weather.com,Male,Quechua,Otro,4,49,DLS,Otro
505,Hyatt,Turfus,Avesque,havesquee0@tmall.com,Male,Gagauz,Viudo,1,50,Turf,Amarrillo
506,Harv,Gallemore,Lerhinan,hlerhinane1@china.com.cn,Male,Dari,Otro,2,51,Agronomy,Rojo
507,Chrotoem,Drohun,Saltman,csaltmane2@cbsnews.com,Male,Swahili,Soltero,3,52,SGBD,Celeste
508,Bent,Sloam,Seaborn,bseaborne3@xing.com,Male,Māori,Viudo,4,53,Flooring,Azul
509,Toiboid,Bumphrey,Dienes,tdienese4@jiathis.com,Male,Italian,Casado,1,54,PC building,Celeste
510,Inigo,Lonnon,Boness,ibonesse5@ucoz.ru,Male,Chinese,Soltero,2,55,uCOS,Verde
511,Phyllida,Tabourin,Howie,phowiee6@narod.ru,Female,Norwegian,Viudo,3,56,Application Architecture,Verde
512,Kurt,Mangenet,Kite,kkitee7@spotify.com,Male,Tswana,Casado,4,57,Flooring,Rojo
513,Ginnifer,Corwin,Platt,gplatte8@ustream.tv,Female,Aymara,Otro,1,58,Igloo,Verde
514,Billy,Amerighi,Vamplew,bvamplewe9@upenn.edu,Male,Pashto,Otro,2,59,SDTM,Otro
515,Gan,Foston,Buckham,gbuckhamea@un.org,Male,Swahili,Soltero,3,60,RMI,Otro
516,Cammie,Bellhanger,Mathou,cmathoueb@ted.com,Female,Telugu,Soltero,4,61,Object Oriented Design,Celeste
517,Zechariah,Dulanty,Franciotti,zfranciottiec@telegraph.co.uk,Male,Romanian,Otro,1,62,MCDBA,Azul
518,Felic,MacAne,Egdal,fegdaled@ed.gov,Male,Greek,Soltero,2,63,WAN,Azul
519,Kitti,Huxham,Henrique,khenriqueee@last.fm,Female,Arabic,Soltero,3,64,UMTS,Azul
520,Genny,Doring,MacDiarmond,gmacdiarmondef@disqus.com,Female,Papiamento,Otro,4,65,PPC,Verde
521,Aloin,Kesley,Finey,afineyeg@typepad.com,Male,Bislama,Soltero,1,1,CBT,Amarrillo
522,Tabina,Heintz,Giffard,tgiffardeh@fda.gov,Female,Albanian,Otro,2,2,Xpress,Azul
523,Jojo,Isted,Hasker,jhaskerei@psu.edu,Female,Greek,Casado,3,3,Road Safety,Rojo
524,Alisha,Lorenzo,Duchatel,aduchatelej@ucoz.com,Female,Arabic,Viudo,4,4,PVTsim,Amarrillo
525,Bartlet,Nayer,Gillio,bgillioek@ox.ac.uk,Male,Dari,Soltero,1,5,WAN,Morado
526,Sayers,Mouland,Lewis,slewisel@technorati.com,Male,Lao,Casado,2,6,Go,Azul
527,Jeffry,Cargen,Tabert,jtabertem@ow.ly,Male,Moldovan,Casado,3,7,Xpress,Azul
528,Shay,Ebunoluwa,St Louis,sstlouisen@studiopress.com,Female,Northern Sotho,Soltero,4,8,HV,Otro
529,Dare,McGrowther,Coddrington,dcoddringtoneo@woothemes.com,Male,Hungarian,Soltero,1,9,IDX,Amarrillo
530,Marty,MacKeller,Semeniuk,msemeniukep@cnn.com,Male,New Zealand Sign Language,Otro,2,10,Dubbing,Rojo
531,Eran,Tiffany,Tills,etillseq@hud.gov,Female,Punjabi,Otro,3,11,Union Avoidance,Rojo
532,Renato,Pinckstone,Kilfedder,rkilfedderer@china.com.cn,Male,Ndebele,Otro,4,12,BMC Remedy User,Celeste
533,Karim,Roch,Hulatt,khulattes@ucoz.com,Male,Italian,Casado,1,13,MCDBA,Verde
534,Dory,Trimmill,Lardeur,dlardeuret@java.com,Male,Haitian Creole,Soltero,2,14,SGBD,Morado
535,Raquela,MacKill,Daily,rdailyeu@nifty.com,Female,Zulu,Casado,3,15,NFL,Azul
536,Florance,Hubane,Crowcroft,fcrowcroftev@globo.com,Female,Filipino,Otro,4,16,Start-ups,Otro
537,Shelba,McClintock,Hammel,shammelew@digg.com,Female,Dzongkha,Viudo,1,17,SSL Duality,Azul
538,Joelly,Tyler,Choake,jchoakeex@illinois.edu,Female,West Frisian,Otro,2,18,RV,Otro
539,Hayward,Jarret,Shuttell,hshuttelley@toplist.cz,Male,Hebrew,Otro,3,19,UMTS,Celeste
540,Denise,Heinsen,Crevagh,dcrevaghez@123-reg.co.uk,Female,Arabic,Casado,4,20,PVTsim,Verde
541,Kane,Ceschini,Malenoir,kmalenoirf0@amazon.co.jp,Male,Danish,Casado,1,21,PVTsim,Morado
542,Ermanno,Walklot,Amies,eamiesf1@sakura.ne.jp,Male,Northern Sotho,Viudo,2,22,Flooring,Otro
543,Stanton,Mitchinson,Oluwatoyin,soluwatoyinf2@diigo.com,Male,Georgian,Casado,3,23,Sleep Disorders,Rojo
544,Isak,Ettridge,Lount,ilountf3@bbb.org,Male,Moldovan,Viudo,4,24,Sleep Disorders,Celeste
545,Dev,Alloisi,Norville,dnorvillef4@mediafire.com,Male,Aymara,Otro,1,25,Xpress,Amarrillo
546,Gertrud,Jacquemard,Corwood,gcorwoodf5@ebay.co.uk,Female,Tajik,Casado,2,26,XTRACT,Celeste
547,Amos,Galtone,Merrin,amerrinf6@sogou.com,Male,Guaraní,Otro,3,27,International Sales,Celeste
548,Melina,Henriet,Blundin,mblundinf7@bigcartel.com,Female,Filipino,Viudo,4,28,DVB-RCS,Rojo
549,Nichole,Nottle,Charge,nchargef8@surveymonkey.com,Female,Lithuanian,Soltero,1,29,Management Due Diligence,Morado
550,Thurston,Antoinet,Dimanche,tdimanchef9@hatena.ne.jp,Male,Norwegian,Otro,2,30,Cash Flow,Morado
551,Patricio,Coppen,Gribben,pgribbenfa@prnewswire.com,Male,Czech,Otro,3,31,HBA,Azul
552,Lawrence,Braidford,Allston,lallstonfb@geocities.jp,Male,Norwegian,Viudo,4,32,Application Architecture,Otro
553,Eveleen,Boustead,Le Grys,elegrysfc@alexa.com,Female,German,Casado,1,33,LLU,Rojo
554,Martita,Daintree,Giblin,mgiblinfd@pbs.org,Female,Moldovan,Otro,2,34,SDTM,Otro
555,Jayson,Elegood,de Juares,jdejuaresfe@japanpost.jp,Male,Burmese,Soltero,3,35,MDSD,Verde
556,Travus,Elloit,Gillimgham,tgillimghamff@indiatimes.com,Male,Hungarian,Otro,4,36,Digital Marketing,Morado
557,Keri,Botwright,Bennedick,kbennedickfg@hubpages.com,Female,Armenian,Casado,1,37,JDK,Verde
558,Raye,Pescod,Wordsworth,rwordsworthfh@google.cn,Female,Hindi,Viudo,2,38,SDTM,Otro
559,Berne,Gunstone,Rosekilly,brosekillyfi@reddit.com,Male,Malay,Casado,3,39,CVM,Morado
560,Danna,Hanner,Raubheim,draubheimfj@wordpress.org,Female,Bengali,Soltero,4,40,Web Services,Rojo
561,Celesta,Gouly,Moulding,cmouldingfk@4shared.com,Female,Malay,Casado,1,41,RCMS,Rojo
562,Kippy,Cowdrey,Pena,kpenafl@hexun.com,Male,Amharic,Casado,2,42,International Sales,Rojo
563,Ephrayim,Abdie,Keasley,ekeasleyfm@simplemachines.org,Male,Belarusian,Casado,3,43,Objective-C,Otro
564,Albertine,Gierek,Isaak,aisaakfn@geocities.com,Female,Latvian,Otro,4,44,Brokers,Amarrillo
565,Pedro,Coulston,Gave,pgavefo@delicious.com,Male,Swahili,Viudo,1,45,Brokers,Celeste
566,Grenville,Ionesco,Kemme,gkemmefp@printfriendly.com,Male,Norwegian,Otro,2,46,LDS,Rojo
567,Aleda,Misk,Pendergrast,apendergrastfq@elegantthemes.com,Female,Swahili,Viudo,3,47,Web Services,Azul
568,Ofelia,Jahncke,Folk,ofolkfr@cdc.gov,Female,Dutch,Soltero,4,48,Xenu,Amarrillo
569,Dan,Mazella,Hucquart,dhucquartfs@vistaprint.com,Male,Nepali,Viudo,1,49,Cash Flow,Azul
570,Demetre,Prazer,Hinkley,dhinkleyft@intel.com,Male,Gagauz,Viudo,2,50,Brokers,Rojo
571,Spence,Danis,Kempson,skempsonfu@usgs.gov,Male,Sotho,Casado,3,51,Sleep Disorders,Otro
572,Amble,Prys,Bendare,abendarefv@wikimedia.org,Male,Kyrgyz,Casado,4,52,DVB-RCS,Azul
573,Baird,Olivier,Weekes,bweekesfw@hao123.com,Male,Dutch,Otro,1,53,HBA,Morado
574,Leigha,Simonite,Krout,lkroutfx@sogou.com,Female,Amharic,Otro,2,54,MCDBA,Rojo
575,Conn,Paice,Rippingall,crippingallfy@oaic.gov.au,Male,Kashmiri,Casado,3,55,Adobe Creative Suite,Verde
576,Anneliese,Whiteson,Pedrol,apedrolfz@google.com,Female,Kashmiri,Casado,4,56,CVM,Celeste
577,Hamlen,Gendricke,Simony,hsimonyg0@gov.uk,Male,French,Casado,1,57,WAN,Amarrillo
578,Tandi,Pulman,Horsley,thorsleyg1@digg.com,Female,Fijian,Casado,2,58,SDL Trados,Celeste
579,Tamma,Cannicott,Tilt,ttiltg2@ihg.com,Female,Ndebele,Viudo,3,59,SGBD,Amarrillo
580,Nathaniel,Jados,Headrick,nheadrickg3@senate.gov,Male,Danish,Viudo,4,60,RMA,Celeste
581,Bendite,Aldritt,Gosforth,bgosforthg4@cbc.ca,Female,Gagauz,Casado,1,61,Xenu,Morado
582,Dickie,Navarre,Koopman,dkoopmang5@google.cn,Male,Lithuanian,Otro,2,62,Online Gambling,Morado
583,Dorolisa,Babbe,Lettsom,dlettsomg6@thetimes.co.uk,Female,Kannada,Casado,3,63,Brokers,Morado
584,Zarah,Baudasso,Linford,zlinfordg7@paypal.com,Female,Portuguese,Viudo,4,64,JBA,Morado
585,Berget,Jerrand,Sporrij,bsporrijg8@nba.com,Female,Tsonga,Otro,1,65,Web Services,Morado
586,Hussein,Easum,Tooth,htoothg9@cbsnews.com,Male,Estonian,Viudo,2,1,SDTM,Rojo
587,Jess,Vibert,Welfare,jwelfarega@yale.edu,Male,Papiamento,Casado,3,2,PC building,Otro
588,Rhody,Cranmore,Matteini,rmatteinigb@telegraph.co.uk,Female,Persian,Soltero,4,3,DVB-RCS,Morado
589,Keith,Stranieri,Kedie,kkediegc@prnewswire.com,Male,Croatian,Casado,1,4,Turf,Amarrillo
590,Devonna,Tippett,Von Hindenburg,dvonhindenburggd@yahoo.co.jp,Female,Tsonga,Viudo,2,5,International Sales,Azul
591,Aube,Pitford,Kennett,akennettge@ning.com,Male,Somali,Casado,3,6,JCAHO,Azul
592,Antone,MacIlriach,Menis,amenisgf@home.pl,Male,Kurdish,Otro,4,7,PVTsim,Celeste
593,Bent,Gosswell,De la Feld,bdelafeldgg@posterous.com,Male,Ndebele,Casado,1,8,PVTsim,Verde
594,Fawne,Weddeburn,McElane,fmcelanegh@youku.com,Female,Hiri Motu,Otro,2,9,Kinetic Typography,Verde
595,Julita,Bellie,Franzolini,jfranzolinigi@so-net.ne.jp,Female,Maltese,Otro,3,10,Erosion,Azul
596,Tades,Andreia,Kippin,tkippingj@shareasale.com,Male,Telugu,Viudo,4,11,JCAHO,Amarrillo
597,Lorine,Tubbles,McCrossan,lmccrossangk@cdc.gov,Female,German,Soltero,1,12,CQA,Verde
598,Stephani,Cardenas,Tough,stoughgl@google.co.jp,Female,Moldovan,Otro,2,13,TDA,Verde
599,Rosalinde,Knolles-Green,Sissot,rsissotgm@last.fm,Female,Gujarati,Viudo,3,14,RV,Azul
600,Silas,Stacey,O'Howbane,sohowbanegn@google.es,Male,Mongolian,Otro,4,15,MTP3,Azul
601,Gwenore,Finci,Duran,gdurango@t.co,Female,Malagasy,Soltero,1,16,Adobe Creative Suite,Celeste
602,Whitaker,Towler,Moralee,wmoraleegp@paginegialle.it,Male,Malay,Otro,2,17,TDA,Verde
603,Kippar,Vossing,Blogg,kblogggq@shinystat.com,Male,Maltese,Viudo,3,18,SDTM,Rojo
604,Byrom,Wallbridge,Bolte,bboltegr@paypal.com,Male,Maltese,Otro,4,19,UMTS,Amarrillo
605,Lolly,Thieme,McGowran,lmcgowrangs@blogs.com,Female,Bislama,Viudo,1,20,Start-ups,Morado
606,Wake,Picopp,Hiscoe,whiscoegt@buzzfeed.com,Male,Catalan,Soltero,2,21,Adobe Creative Suite,Azul
607,Fredek,MacGowan,Tennewell,ftennewellgu@goodreads.com,Male,French,Soltero,3,22,PC building,Otro
608,Merrill,Heliar,MacFadden,mmacfaddengv@nhs.uk,Female,Quechua,Viudo,4,23,Online Gambling,Celeste
609,Letty,Aggett,Eadmeades,leadmeadesgw@edublogs.org,Female,Tajik,Soltero,1,24,PC building,Celeste
610,Russell,Back,Hawse,rhawsegx@facebook.com,Male,Nepali,Otro,2,25,Flooring,Amarrillo
611,Eyde,Ingle,Deetlof,edeetlofgy@hibu.com,Female,Tamil,Otro,3,26,LLU,Morado
612,Liv,Risbrough,Cayette,lcayettegz@theglobeandmail.com,Female,Hiri Motu,Soltero,4,27,CBT,Verde
613,Danell,Mish,Greenroyd,dgreenroydh0@cargocollective.com,Female,Irish Gaelic,Otro,1,28,Brokers,Rojo
614,Ronda,Antonowicz,Ebunoluwa,rebunoluwah1@huffingtonpost.com,Female,Zulu,Soltero,2,29,Cash Flow,Azul
615,Crista,Look,Kearn,ckearnh2@thetimes.co.uk,Female,Azeri,Otro,3,30,Ufile,Morado
616,Thebault,Bourthouloume,Fellis,tfellish3@google.it,Male,Papiamento,Viudo,4,31,Xenu,Otro
617,Miof mela,Twells,Sampey,msampeyh4@flavors.me,Female,Amharic,Casado,1,32,SDTM,Morado
618,Marian,Isabell,Dundon,mdundonh5@wp.com,Female,Kurdish,Viudo,2,33,UMTS,Rojo
619,Ned,Klemz,Van Dale,nvandaleh6@ameblo.jp,Male,Albanian,Viudo,3,34,LDS,Otro
620,Eryn,Paolozzi,Roizin,eroizinh7@drupal.org,Female,Georgian,Casado,4,35,Brokers,Verde
621,Lyman,McTeggart,Slocumb,lslocumbh8@comsenz.com,Male,Czech,Soltero,1,36,DLS,Verde
622,Reuven,Massenhove,Vuitton,rvuittonh9@japanpost.jp,Male,Bengali,Soltero,2,37,Go,Verde
623,Barnie,Giabucci,Coie,bcoieha@yahoo.co.jp,Male,Dutch,Casado,3,38,Xpress,Celeste
624,Sonni,Ingman,Alsopp,salsopphb@yellowpages.com,Female,Filipino,Otro,4,39,CVM,Celeste
625,Pernell,Butson,Kingham,pkinghamhc@google.com.br,Male,Lao,Casado,1,40,HV,Azul
626,Olga,Minucci,McRobb,omcrobbhd@a8.net,Female,Zulu,Viudo,2,41,Cash Flow,Azul
627,Jessi,Battabee,Steuart,jsteuarthe@usgs.gov,Female,Romanian,Casado,3,42,LLU,Verde
628,Roman,Ebbin,Spaduzza,rspaduzzahf@topsy.com,Male,Malay,Soltero,4,43,JCAHO,Celeste
629,Lorin,Andrys,Ropert,lroperthg@disqus.com,Male,Finnish,Viudo,1,44,Road Safety,Otro
630,Clement,World,Ives,civeshh@toplist.cz,Male,Romanian,Casado,2,45,SSL Duality,Azul
631,Beret,Edmondson,Anstice,bansticehi@pen.io,Female,Romanian,Casado,3,46,RMI,Verde
632,Neron,Norvel,Pavlata,npavlatahj@kickstarter.com,Male,Malagasy,Soltero,4,47,Kinetic Typography,Otro
633,Thaine,Ayto,Harle,tharlehk@gov.uk,Male,Latvian,Casado,1,48,XTRACT,Rojo
634,Nicoline,Tack,Arger,nargerhl@histats.com,Female,West Frisian,Viudo,2,49,HV,Verde
635,Aryn,Langstaff,Deaconson,adeaconsonhm@slate.com,Female,Tamil,Viudo,3,50,LDS,Azul
636,Tripp,Popley,Crossfeld,tcrossfeldhn@elpais.com,Male,Afrikaans,Soltero,4,51,Erosion,Verde
637,Harry,Schoolcroft,Parnell,hparnellho@prnewswire.com,Male,German,Otro,1,52,JBA,Azul
638,Cecil,Ramos,Paddison,cpaddisonhp@unblog.fr,Female,Tamil,Otro,2,53,Web Services,Amarrillo
639,Verina,Paggitt,Bunt,vbunthq@va.gov,Female,Marathi,Viudo,3,54,Start-ups,Celeste
640,Danica,Lidgerton,Lecky,dleckyhr@wikispaces.com,Female,Greek,Otro,4,55,Start-ups,Azul
641,Rachelle,Baffin,Sauvain,rsauvainhs@npr.org,Female,Lao,Soltero,1,56,RMA,Amarrillo
642,Sasha,Praill,Trower,strowerht@w3.org,Female,Polish,Soltero,2,57,Digital Marketing,Verde
643,Sidonnie,Plinck,Goudie,sgoudiehu@yellowbook.com,Female,Thai,Viudo,3,58,Brokers,Amarrillo
644,Bartolemo,Holhouse,Rickaert,brickaerthv@mlb.com,Male,Hebrew,Soltero,4,59,HV,Amarrillo
645,Ray,Monini,Drayton,rdraytonhw@narod.ru,Female,Burmese,Casado,1,60,Union Avoidance,Azul
646,Gayler,Skaif,Godbert,ggodberthx@nbcnews.com,Male,Amharic,Viudo,2,61,Sleep Disorders,Amarrillo
647,Gianna,Karus,Strode,gstrodehy@1688.com,Female,Portuguese,Viudo,3,62,Xpress,Celeste
648,Rosemaria,Capron,Accum,raccumhz@google.co.jp,Female,Luxembourgish,Casado,4,63,Objective-C,Azul
649,Stephani,Byrkmyr,Aubry,saubryi0@printfriendly.com,Female,Irish Gaelic,Soltero,1,64,RMI,Otro
650,Caryl,Pond-Jones,Dicey,cdiceyi1@ow.ly,Male,Ndebele,Otro,2,65,RMA,Rojo
651,Roth,Glendining,Josland,rjoslandi2@ovh.net,Male,Swedish,Soltero,3,1,Objective-C,Otro
652,Irwinn,Greatland,Benech,ibenechi3@cpanel.net,Male,Assamese,Viudo,4,2,Agronomy,Otro
653,Cassi,Ralphs,Ditchfield,cditchfieldi4@newsvine.com,Female,Hindi,Soltero,1,3,CQA,Amarrillo
654,Lauryn,Gurrado,McMinn,lmcminni5@tmall.com,Female,Chinese,Casado,2,4,SDTM,Morado
655,Meara,Littell,Baudin,mbaudini6@ihg.com,Female,Maltese,Viudo,3,5,Union Avoidance,Verde
656,Melli,O'Nowlan,Walklott,mwalklotti7@yahoo.co.jp,Female,Greek,Soltero,4,6,CVM,Otro
657,Gerianna,Simounet,McGloughlin,gmcgloughlini8@elegantthemes.com,Female,Lithuanian,Casado,1,7,DVB-RCS,Otro
658,Morissa,Jenman,Ghilks,mghilksi9@stumbleupon.com,Female,Luxembourgish,Otro,2,8,Klarity,Morado
659,Jeniece,Clayden,Salliss,jsallissia@constantcontact.com,Female,Northern Sotho,Casado,3,9,MDSD,Azul
660,Taite,Skyrm,Rosenschein,trosenscheinib@parallels.com,Male,Hungarian,Casado,4,10,PC building,Azul
661,Ivan,Wayt,Kee,ikeeic@unicef.org,Male,Irish Gaelic,Otro,1,11,TDA,Otro
662,Ruben,Jewsbury,Eliyahu,reliyahuid@dagondesign.com,Male,Hiri Motu,Soltero,2,12,PVTsim,Otro
663,Eben,Rubens,Sharman,esharmanie@issuu.com,Male,Quechua,Viudo,3,13,Management Due Diligence,Celeste
664,Emlen,Baldung,Kett,ekettif@dot.gov,Male,French,Soltero,4,14,SSL Duality,Azul
665,Honor,Lindenboim,Wisniewski,hwisniewskiig@a8.net,Female,Icelandic,Soltero,1,15,Adobe Creative Suite,Rojo
666,Farrell,Newarte,Hayhoe,fhayhoeih@examiner.com,Male,Nepali,Otro,2,16,Alumni Relations,Rojo
667,Forster,Sprakes,Cornell,fcornellii@opensource.org,Male,Afrikaans,Otro,3,17,NFL,Rojo
668,Prissie,Butchers,Cantle,pcantleij@hud.gov,Female,Pashto,Casado,4,18,SSL Duality,Verde
669,Early,Dawley,Elles,eellesik@ow.ly,Male,Zulu,Viudo,1,19,Dubbing,Amarrillo
670,Skylar,Abbotts,McGaw,smcgawil@nationalgeographic.com,Male,Chinese,Otro,2,20,Urban Geography,Verde
671,Cassondra,Mation,Jacquest,cjacquestim@mayoclinic.com,Female,Malayalam,Viudo,3,21,Kinetic Typography,Celeste
672,Anabal,Jendas,Head,aheadin@ft.com,Female,Kyrgyz,Viudo,4,22,CBT,Morado
673,Scottie,Glisane,Coote,scooteio@wikipedia.org,Male,Icelandic,Casado,1,23,Web Services,Amarrillo
674,Jennette,Delooze,Stringfellow,jstringfellowip@netvibes.com,Female,Lao,Casado,2,24,Klarity,Verde
675,Dorian,Davidovitz,Bloschke,dbloschkeiq@cpanel.net,Female,Luxembourgish,Viudo,3,25,Sleep Disorders,Morado
676,Fiorenze,Levison,Poone,fpooneir@examiner.com,Female,Irish Gaelic,Viudo,4,26,Online Gambling,Verde
677,Fionnula,Ludlem,Way,fwayis@seesaa.net,Female,Polish,Viudo,1,27,SGBD,Morado
678,Chelsy,Chese,Niemetz,cniemetzit@apple.com,Female,Hiri Motu,Otro,2,28,DVB-RCS,Azul
679,Carlota,Caird,De Marchi,cdemarchiiu@netscape.com,Female,Spanish,Soltero,3,29,MTP3,Morado
680,Rozella,Feavearyear,Winslade,rwinsladeiv@blogger.com,Female,Bulgarian,Soltero,4,30,MCDBA,Verde
681,Ernestus,Ettritch,Avon,eavoniw@is.gd,Male,Pashto,Soltero,1,31,PVTsim,Rojo
682,Dorise,Takle,Lakeman,dlakemanix@theatlantic.com,Female,Polish,Viudo,2,32,RV,Morado
683,Quinn,Trunchion,Lerohan,qlerohaniy@nih.gov,Female,Latvian,Casado,3,33,Cash Flow,Verde
684,Dimitry,Wolfit,Enterle,denterleiz@tinypic.com,Male,Spanish,Viudo,4,34,CQA,Celeste
685,Allx,Pigram,Nilges,anilgesj0@dmoz.org,Female,Estonian,Otro,1,35,JBA,Azul
686,Josie,Crolla,Gamwell,jgamwellj1@opensource.org,Female,Bengali,Casado,2,36,Object Oriented Design,Verde
687,Laurence,Nizet,Costen,lcostenj2@domainmarket.com,Male,Albanian,Otro,3,37,XTRACT,Otro
688,Leonidas,Marshman,Escot,lescotj3@netlog.com,Male,New Zealand Sign Language,Otro,4,38,MTP3,Morado
689,Goddart,Stringfellow,Grutchfield,ggrutchfieldj4@digg.com,Male,Georgian,Viudo,1,39,NFL,Azul
690,Jerry,Hitscher,Tullot,jtullotj5@rediff.com,Female,Azeri,Otro,2,40,PPC,Amarrillo
691,Korry,Rubel,Ivankovic,kivankovicj6@rediff.com,Female,Portuguese,Viudo,3,41,Objective-C,Celeste
692,Mercie,Wreath,Aukland,mauklandj7@uiuc.edu,Female,Kyrgyz,Otro,4,42,Flooring,Verde
693,Camellia,Meriott,Padmore,cpadmorej8@ox.ac.uk,Female,Afrikaans,Otro,1,43,TDA,Rojo
694,Rois,Colborn,Bedle,rbedlej9@epa.gov,Female,Pashto,Viudo,2,44,Ufile,Celeste
695,Madge,McDirmid,Kunze,mkunzeja@hud.gov,Female,Fijian,Viudo,3,45,Objective-C,Amarrillo
696,Dorene,Broodes,Rubinek,drubinekjb@businesswire.com,Female,Bulgarian,Otro,4,46,uCOS,Morado
697,Alexio,Yellowlea,Gerauld,agerauldjc@sphinn.com,Male,Dari,Viudo,1,47,Sleep Disorders,Verde
698,Gerald,Rizzardi,Schollick,gschollickjd@toplist.cz,Male,Tswana,Soltero,2,48,Klarity,Otro
699,Levy,Lettley,Spikeings,lspikeingsje@sun.com,Male,Mongolian,Otro,3,49,HBA,Morado
700,Nolan,Elmes,Frodsam,nfrodsamjf@trellian.com,Male,English,Viudo,4,50,SGBD,Rojo
701,Minta,Cruddace,Alty,maltyjg@taobao.com,Female,West Frisian,Soltero,1,51,Sleep Disorders,Verde
702,Cristian,Galvin,Dowbekin,cdowbekinjh@foxnews.com,Male,Afrikaans,Soltero,2,52,uCOS,Otro
703,Murdock,Mellhuish,Avis,mavisji@eepurl.com,Male,Bengali,Soltero,3,53,Objective-C,Amarrillo
704,Lyssa,Gammons,Bedham,lbedhamjj@guardian.co.uk,Female,Maltese,Viudo,4,54,Management Due Diligence,Celeste
705,Ammamaria,Curgenuer,Ell,aelljk@google.com,Female,Telugu,Casado,1,55,Object Oriented Design,Rojo
706,Lazar,Mussalli,Woolacott,lwoolacottjl@xing.com,Male,Nepali,Soltero,2,56,uCOS,Morado
707,Blakelee,Sides,Pascall,bpascalljm@sakura.ne.jp,Female,Kyrgyz,Viudo,3,57,DLS,Verde
708,Robena,Bettam,Dyer,rdyerjn@addthis.com,Female,Kashmiri,Otro,4,58,Road Safety,Amarrillo
709,Sonni,McOnie,Tumulty,stumultyjo@oracle.com,Female,Ndebele,Otro,1,59,Xenu,Azul
710,Demetris,O'Haire,Dalgardno,ddalgardnojp@ox.ac.uk,Female,Ndebele,Viudo,2,60,HBA,Verde
711,Aleksandr,Fant,Ragborne,aragbornejq@freewebs.com,Male,Tsonga,Viudo,3,61,Adobe Creative Suite,Celeste
712,Candice,Axby,Fauguel,cfaugueljr@netvibes.com,Female,Albanian,Otro,4,62,Web Services,Verde
713,Henrietta,Summergill,Sargant,hsargantjs@omniture.com,Female,Polish,Soltero,1,63,Unit Testing,Amarrillo
714,Beale,Sleeford,Lawlance,blawlancejt@discovery.com,Male,Bengali,Viudo,2,64,TDA,Rojo
715,Bogey,Kitley,Daddow,bdaddowju@de.vu,Male,Korean,Casado,3,65,PVTsim,Otro
716,Marlyn,Taggert,Mainland,mmainlandjv@usa.gov,Female,Arabic,Casado,4,1,BMC Remedy User,Azul
717,Rozina,Biddell,Paule,rpaulejw@huffingtonpost.com,Female,Khmer,Soltero,1,2,Web Services,Verde
718,Pippy,Dugald,Klemmt,pklemmtjx@technorati.com,Female,French,Soltero,2,3,BMC Remedy User,Verde
719,Marlo,Doram,Sannes,msannesjy@example.com,Female,Portuguese,Otro,3,4,HBA,Morado
720,Courtney,Blincow,Jorissen,cjorissenjz@woothemes.com,Male,Korean,Viudo,4,5,International Sales,Azul
721,Cornall,McArley,Jahner,cjahnerk0@redcross.org,Male,Italian,Casado,1,6,SDTM,Verde
722,Carlin,Kilbourn,Walkley,cwalkleyk1@samsung.com,Female,Armenian,Casado,2,7,HV,Celeste
723,Violet,Brydon,Glede,vgledek2@tiny.cc,Female,Tetum,Casado,3,8,Union Avoidance,Rojo
724,Karlotte,Very,Raffon,kraffonk3@ucsd.edu,Female,Māori,Otro,4,9,Object Oriented Design,Morado
725,Fern,Oloshkin,Moxom,fmoxomk4@unc.edu,Female,Northern Sotho,Otro,1,10,JBA,Azul
726,Paquito,Kundt,Mapples,pmapplesk5@phoca.cz,Male,Māori,Soltero,2,11,Erosion,Amarrillo
727,Klement,O' Hogan,Rikard,krikardk6@macromedia.com,Male,Filipino,Otro,3,12,Kinetic Typography,Amarrillo
728,Dari,Cordeau],Chavey,dchaveyk7@boston.com,Female,Burmese,Viudo,4,13,RCMS,Azul
729,Jeniffer,Gahagan,Donohue,jdonohuek8@skyrock.com,Female,Marathi,Casado,1,14,SDTM,Azul
730,Ezri,Bartram,Authers,eauthersk9@google.it,Male,Haitian Creole,Soltero,2,15,uCOS,Amarrillo
731,Fifi,Shaves,Muzzlewhite,fmuzzlewhiteka@ihg.com,Female,Tsonga,Casado,3,16,Klarity,Rojo
732,Nelia,Prater,Catonnet,ncatonnetkb@cornell.edu,Female,Malayalam,Otro,4,17,Object Oriented Design,Celeste
733,Evey,Dober,Ind,eindkc@simplemachines.org,Female,Bosnian,Casado,1,18,PC building,Rojo
734,Godwin,Merrgan,Widocks,gwidockskd@tripod.com,Male,Punjabi,Casado,2,19,SRDS,Amarrillo
735,Staford,Bane,Teenan,steenanke@amazonaws.com,Male,Bislama,Soltero,3,20,Xpress,Rojo
736,Tabbie,Yoseloff,Standfield,tstandfieldkf@ow.ly,Male,Dari,Soltero,4,21,Application Architecture,Morado
737,Pall,Siddaley,Gregon,pgregonkg@go.com,Male,Polish,Soltero,1,22,TDA,Amarrillo
738,Tiff,Dary,Boxell,tboxellkh@stanford.edu,Female,Maltese,Viudo,2,23,HV,Morado
739,Ardra,Ruggen,Van Arsdale,avanarsdaleki@e-recht24.de,Female,Albanian,Casado,3,24,Digital Marketing,Celeste
740,Maire,Webby,Oblein,mobleinkj@buzzfeed.com,Female,Tsonga,Viudo,4,25,Xpress,Rojo
741,Cornela,Brun,Livingstone,clivingstonekk@blogtalkradio.com,Female,Polish,Viudo,1,26,Object Oriented Design,Morado
742,Nestor,Sturge,Baradel,nbaradelkl@japanpost.jp,Male,German,Casado,2,27,Cash Flow,Verde
743,Christie,Goodram,Ingerman,cingermankm@washington.edu,Male,Arabic,Soltero,3,28,RMI,Rojo
744,Candide,Fansy,Warratt,cwarrattkn@google.de,Female,Azeri,Soltero,4,29,Klarity,Azul
745,Wilfrid,McMichell,Forrington,wforringtonko@1und1.de,Male,Irish Gaelic,Casado,1,30,Sleep Disorders,Verde
746,Link,Estick,Pottage,lpottagekp@forbes.com,Male,Telugu,Soltero,2,31,Igloo,Rojo
747,Donni,Hugnet,Piers,dpierskq@house.gov,Female,Swedish,Soltero,3,32,UMTS,Otro
748,Mattheus,Proughten,Breeds,mbreedskr@go.com,Male,West Frisian,Casado,4,33,RMI,Verde
749,Rodrick,Shawell,Mc Corley,rmccorleyks@army.mil,Male,Finnish,Viudo,1,34,Skin Care,Celeste
750,Donetta,Brawley,Wakley,dwakleykt@yandex.ru,Female,German,Otro,2,35,SDTM,Verde
751,Margi,Vahl,Lavalde,mlavaldeku@nydailynews.com,Female,Punjabi,Casado,3,36,Dispute Resolution,Otro
752,Colet,Snoddon,Thackston,cthackstonkv@amazon.de,Male,Punjabi,Otro,4,37,Titration,Azul
753,Dalia,Skowcraft,Golly,dgollykw@indiatimes.com,Female,English,Soltero,1,38,PPC,Celeste
754,Virgie,Farrear,Klimek,vklimekkx@jalbum.net,Male,Punjabi,Soltero,2,39,Unit Testing,Azul
755,Corrina,Kinchin,Copcutt,ccopcuttky@feedburner.com,Female,Chinese,Otro,3,40,XTRACT,Celeste
756,Ellis,Francescozzi,Kunneke,ekunnekekz@free.fr,Male,Moldovan,Viudo,4,41,SRDS,Verde
757,Anthe,Manville,Beadell,abeadelll0@mozilla.com,Female,Czech,Soltero,1,42,WAN,Morado
758,Clevey,Sleford,Heintsch,cheintschl1@va.gov,Male,Armenian,Otro,2,43,Agronomy,Otro
759,Linn,Kitchingman,Shuttell,lshuttelll2@stanford.edu,Female,Czech,Casado,3,44,RV,Amarrillo
760,Tate,Risman,Reinhardt,treinhardtl3@blogger.com,Female,Burmese,Casado,4,45,HBA,Amarrillo
761,Stanleigh,Bakeup,Damsell,sdamselll4@mozilla.org,Male,Chinese,Soltero,1,46,HBA,Verde
762,Reta,Yeardsley,Emmanueli,remmanuelil5@census.gov,Female,Yiddish,Viudo,2,47,RMI,Rojo
763,Griz,Wakeman,Newlove,gnewlovel6@ucla.edu,Male,Northern Sotho,Viudo,3,48,PC building,Amarrillo
764,Marketa,Vondracek,Templman,mtemplmanl7@discovery.com,Female,Japanese,Otro,4,49,RMA,Rojo
765,Jozef,Bartholomieu,Spiers,jspiersl8@japanpost.jp,Male,New Zealand Sign Language,Casado,1,50,Skin Care,Azul
766,Parry,Henrique,Fillgate,pfillgatel9@artisteer.com,Male,Irish Gaelic,Casado,2,51,Brokers,Rojo
767,Tanny,Rollins,Westrip,twestripla@epa.gov,Male,Tamil,Otro,3,52,Igloo,Celeste
768,Theodore,Ticehurst,Witcherley,twitcherleylb@wsj.com,Male,Tamil,Otro,4,53,Web Services,Celeste
769,Anatol,Coult,Lebang,alebanglc@nytimes.com,Male,French,Casado,1,54,SDL Trados,Celeste
770,Giustina,Somerton,Duesbury,gduesburyld@archive.org,Female,Irish Gaelic,Casado,2,55,NFL,Azul
771,Adelina,Kamen,Tows,atowsle@nih.gov,Female,Italian,Soltero,3,56,Ufile,Verde
772,Son,Cogar,Spendlove,sspendlovelf@arstechnica.com,Male,Amharic,Soltero,4,57,Cash Flow,Azul
773,Noami,Clift,Zupone,nzuponelg@e-recht24.de,Female,West Frisian,Casado,1,58,NFL,Amarrillo
774,Udale,McGaugey,Livsey,ulivseylh@npr.org,Male,Gujarati,Viudo,2,59,SSL Duality,Rojo
775,Emanuele,Morin,O'Deegan,eodeeganli@multiply.com,Male,Gujarati,Viudo,3,60,Klarity,Verde
776,Reece,Blacklock,Keirl,rkeirllj@nydailynews.com,Male,Catalan,Viudo,4,61,Dispute Resolution,Azul
777,Benjamen,Juster,Frediani,bfredianilk@drupal.org,Male,Hebrew,Soltero,1,62,Web Services,Amarrillo
778,Valentine,Bartak,Niave,vniavell@so-net.ne.jp,Female,Luxembourgish,Casado,2,63,Urban Geography,Celeste
779,Adam,Vennings,Blaiklock,ablaiklocklm@zdnet.com,Male,Aymara,Casado,3,64,International Sales,Morado
780,Merwin,Barkway,Medling,mmedlingln@nhs.uk,Male,Kashmiri,Casado,4,65,RCMS,Rojo
781,Patten,Claypoole,Grinsted,pgrinstedlo@bigcartel.com,Male,Punjabi,Viudo,1,1,XTRACT,Rojo
782,Thorn,Jacobsz,Le Fevre,tlefevrelp@redcross.org,Male,Bislama,Soltero,2,2,Construction,Morado
783,Townie,Fery,Gladwell,tgladwelllq@goodreads.com,Male,Aymara,Casado,3,3,IDX,Celeste
784,Godfry,Hutchence,Robatham,grobathamlr@uol.com.br,Male,Irish Gaelic,Casado,4,4,Erosion,Azul
785,Ronna,Jolliss,Comelli,rcomellils@cbsnews.com,Female,Hebrew,Soltero,1,5,UMTS,Otro
786,Rhoda,Frede,Ambrogiotti,rambrogiottilt@dailymail.co.uk,Female,Khmer,Otro,2,6,Xpress,Azul
787,Gregory,Earnshaw,Jurek,gjureklu@dedecms.com,Male,Kashmiri,Casado,3,7,CBT,Morado
788,Roddy,Lorkings,Crommett,rcrommettlv@lycos.com,Male,Swati,Soltero,4,8,Go,Otro
789,Bradley,Picard,Ludovici,bludovicilw@upenn.edu,Male,Burmese,Otro,1,9,Sleep Disorders,Rojo
790,Ruth,Comello,Klulisek,rkluliseklx@statcounter.com,Female,Gujarati,Soltero,2,10,PPC,Otro
791,Harris,Clifton,Wyrill,hwyrillly@virginia.edu,Male,Persian,Otro,3,11,TDA,Amarrillo
792,Georges,Stallion,O'Spellissey,gospellisseylz@goodreads.com,Male,Hindi,Otro,4,12,PVTsim,Morado
793,Lizette,Cockshtt,Carver,lcarverm0@newyorker.com,Female,Spanish,Soltero,1,13,Unit Testing,Celeste
794,Mikey,Grist,Semarke,msemarkem1@admin.ch,Male,Malagasy,Casado,2,14,Object Oriented Design,Morado
795,Tann,Krier,Astles,tastlesm2@sakura.ne.jp,Male,Kazakh,Viudo,3,15,HBA,Rojo
796,Mychal,Ferrai,Bayne,mbaynem3@hud.gov,Male,West Frisian,Soltero,4,16,Objective-C,Azul
797,Cynthie,Naismith,Caustic,ccausticm4@tripod.com,Female,Pashto,Soltero,1,17,Brokers,Azul
798,Alonso,Godier,Hegarty,ahegartym5@topsy.com,Male,Nepali,Soltero,2,18,MCDBA,Rojo
799,Alvie,Ende,Curnucke,acurnuckem6@tripadvisor.com,Male,Filipino,Otro,3,19,HV,Morado
800,Priscella,Tolcharde,Letterese,pletteresem7@oaic.gov.au,Female,Papiamento,Viudo,4,20,Titration,Verde
801,Gui,Causley,Guidetti,gguidettim8@google.cn,Female,Guaraní,Casado,1,21,Adobe Creative Suite,Otro
802,Joete,Doddridge,Jeeves,jjeevesm9@bloglines.com,Female,Zulu,Soltero,2,22,MCDBA,Morado
803,Consuela,Defau,Bosket,cbosketma@multiply.com,Female,Marathi,Viudo,3,23,RV,Amarrillo
804,Barrie,Swallow,Hards,bhardsmb@imageshack.us,Female,Quechua,Casado,4,24,uCOS,Otro
805,Rod,Sousa,Illem,rillemmc@dmoz.org,Male,Icelandic,Soltero,1,25,Alumni Relations,Rojo
806,Wilona,Binner,Dakhov,wdakhovmd@cisco.com,Female,Khmer,Soltero,2,26,DLS,Azul
807,Karim,Atty,Coaten,kcoatenme@fotki.com,Male,Finnish,Otro,3,27,Construction,Celeste
808,Carolynn,Duddin,Crain,ccrainmf@narod.ru,Female,Latvian,Viudo,4,28,Objective-C,Amarrillo
809,Sherwin,Petasch,Carlisi,scarlisimg@weebly.com,Male,Assamese,Otro,1,29,RMI,Morado
810,Melanie,Wride,Stainland,mstainlandmh@mapquest.com,Female,Portuguese,Soltero,2,30,SDTM,Amarrillo
811,Gloria,Miskin,Graser,ggrasermi@phoca.cz,Female,Fijian,Casado,3,31,RMA,Verde
812,Susanetta,Devenny,Dayley,sdayleymj@nsw.gov.au,Female,Swahili,Soltero,4,32,CVM,Rojo
813,Atlante,Narup,Kisby,akisbymk@example.com,Female,Kannada,Viudo,1,33,CQA,Azul
814,Beret,Kington,Wand,bwandml@lycos.com,Female,Latvian,Casado,2,34,SRDS,Celeste
815,Hesther,Pardi,Stollenhof,hstollenhofmm@hp.com,Female,Tetum,Otro,3,35,XTRACT,Otro
816,Rabbi,Turmall,Crayden,rcraydenmn@sakura.ne.jp,Male,Azeri,Viudo,4,36,Brokers,Morado
817,Kalila,McKenny,Scrane,kscranemo@4shared.com,Female,Irish Gaelic,Otro,1,37,PPC,Morado
818,Hunt,Hindmore,Vasechkin,hvasechkinmp@google.com,Male,Hebrew,Soltero,2,38,Yammer,Verde
819,Carlo,Allom,Staning,cstaningmq@usnews.com,Male,Somali,Viudo,3,39,JCAHO,Verde
820,Kendal,Woollaston,Lebond,klebondmr@vimeo.com,Male,Armenian,Otro,4,40,JDK,Celeste
821,Niall,Vero,Du Pre,nduprems@si.edu,Male,Thai,Soltero,1,41,PPC,Otro
822,Marylin,Cullingworth,Fateley,mfateleymt@thetimes.co.uk,Female,Spanish,Soltero,2,42,Objective-C,Otro
823,Godard,Dell 'Orto,Childes,gchildesmu@economist.com,Male,Azeri,Viudo,3,43,Union Avoidance,Verde
824,Jasen,Bowry,Poundford,jpoundfordmv@delicious.com,Male,Icelandic,Otro,4,44,Xenu,Rojo
825,Alan,Kellick,Lambkin,alambkinmw@sciencedirect.com,Male,Burmese,Soltero,1,45,SDTM,Amarrillo
826,Wilmar,Clail,Karby,wkarbymx@mozilla.com,Male,Arabic,Otro,2,46,Objective-C,Rojo
827,Dionisio,Feedome,Rennenbach,drennenbachmy@instagram.com,Male,Dutch,Soltero,3,47,Adobe Creative Suite,Azul
828,Kit,Derham,Baly,kbalymz@unicef.org,Male,Dhivehi,Soltero,4,48,Erosion,Amarrillo
829,Kassey,Golden,Adelman,kadelmann0@sina.com.cn,Female,Dutch,Soltero,1,49,JBA,Verde
830,Roxanna,Laverick,Hearl,rhearln1@wiley.com,Female,Gujarati,Casado,2,50,Yammer,Amarrillo
831,Kimble,Stallworthy,Asling,kaslingn2@addtoany.com,Male,Guaraní,Casado,3,51,Go,Otro
832,Mellisa,Crinage,Simonsen,msimonsenn3@amazon.co.jp,Female,Maltese,Otro,4,52,XTRACT,Azul
833,Norbie,Raittie,Aguirre,naguirren4@unicef.org,Male,Burmese,Soltero,1,53,Unit Testing,Rojo
834,Lyn,Bonnick,Bagott,lbagottn5@icq.com,Male,German,Viudo,2,54,SSL Duality,Morado
835,Monti,Golightly,Waggitt,mwaggittn6@is.gd,Male,Hiri Motu,Soltero,3,55,Skin Care,Verde
836,Elsi,Botterill,Bohike,ebohiken7@nydailynews.com,Female,Arabic,Otro,4,56,CBT,Morado
837,Delbert,Ramlot,Baldoni,dbaldonin8@hostgator.com,Male,Yiddish,Viudo,1,57,Skin Care,Celeste
838,Kathe,Corstorphine,Caro,kcaron9@hostgator.com,Female,Burmese,Viudo,2,58,NFL,Amarrillo
839,Rhianna,Foskett,Whiteford,rwhitefordna@patch.com,Female,Telugu,Viudo,3,59,International Sales,Verde
840,Mavis,Di Baudi,Tomasino,mtomasinonb@de.vu,Female,Tswana,Soltero,4,60,BCNE,Amarrillo
841,Nollie,Idell,Antonutti,nantonuttinc@wordpress.org,Female,Indonesian,Casado,1,61,Union Avoidance,Azul
842,Temp,Matresse,Matzen,tmatzennd@nih.gov,Male,Amharic,Casado,2,62,Online Gambling,Morado
843,Elmo,Palombi,Beamiss,ebeamissne@ezinearticles.com,Male,Malagasy,Otro,3,63,Go,Morado
844,Addi,Mazzey,Cotterrill,acotterrillnf@lycos.com,Female,Māori,Soltero,4,64,BMC Remedy User,Verde
845,Pansy,Morphey,Ellerey,pellereyng@wired.com,Female,Nepali,Viudo,1,65,PPC,Amarrillo
846,Lauri,Frascone,Deme,ldemenh@reverbnation.com,Female,Kazakh,Otro,2,1,RV,Verde
847,Abram,Rickersey,Stelljes,astelljesni@craigslist.org,Male,Sotho,Casado,3,2,Ufile,Celeste
848,Leontine,Brealey,Elion,lelionnj@ycombinator.com,Female,Macedonian,Casado,4,3,JCAHO,Verde
849,Tudor,Kimblen,Dilgarno,tdilgarnonk@census.gov,Male,Korean,Casado,1,4,RMA,Verde
850,Suzie,Jemmison,Luetkemeyer,sluetkemeyernl@admin.ch,Female,Kannada,Otro,2,5,International Sales,Amarrillo
851,Teirtza,Silley,Guest,tguestnm@nps.gov,Female,Kashmiri,Otro,3,6,Ufile,Morado
852,Donovan,Prene,Cleever,dcleevernn@bing.com,Male,Bulgarian,Soltero,4,7,Sleep Disorders,Azul
853,Lonnie,Purdy,Foord,lfoordno@ucoz.ru,Female,Greek,Soltero,1,8,IEX Total View,Amarrillo
854,Carny,Stenner,Popplewell,cpopplewellnp@admin.ch,Male,Papiamento,Casado,2,9,CQA,Rojo
855,Rodd,Quinnelly,Yewdale,ryewdalenq@tiny.cc,Male,Kyrgyz,Viudo,3,10,Sleep Disorders,Azul
856,Waldon,Saint,Maudett,wmaudettnr@jiathis.com,Male,Luxembourgish,Soltero,4,11,International Sales,Morado
857,Wilone,Aish,Clive,wclivens@dmoz.org,Female,Polish,Casado,1,12,Klarity,Celeste
858,Almeta,Gaddes,Grogono,agrogonont@ezinearticles.com,Female,Bosnian,Soltero,2,13,Adobe Creative Suite,Amarrillo
859,Aryn,Royl,Roney,aroneynu@cornell.edu,Female,Zulu,Casado,3,14,Construction,Otro
860,Randee,Van der Veldt,Wakefield,rwakefieldnv@mysql.com,Female,Indonesian,Casado,4,15,Union Avoidance,Verde
861,Lazare,Hannan,Sturges,lsturgesnw@nydailynews.com,Male,Hiri Motu,Casado,1,16,JBA,Morado
862,Shirlene,Pierton,Lauxmann,slauxmannnx@ucoz.com,Female,Khmer,Soltero,2,17,Flooring,Rojo
863,Linnie,Vasyutin,Togwell,ltogwellny@bloomberg.com,Female,Spanish,Soltero,3,18,Object Oriented Design,Verde
864,Brice,Mapham,Egre,begrenz@usnews.com,Male,Hungarian,Otro,4,19,JCAHO,Morado
865,Kenneth,Whitwham,Woodthorpe,kwoodthorpeo0@macromedia.com,Male,Guaraní,Viudo,1,20,Construction,Amarrillo
866,Ronda,Prantoni,Malitrott,rmalitrotto1@moonfruit.com,Female,New Zealand Sign Language,Soltero,2,21,Xpress,Verde
867,Padraig,Wenn,Bicheno,pbichenoo2@si.edu,Male,Dzongkha,Otro,3,22,JBA,Azul
868,Camilla,Cashen,Frearson,cfrearsono3@t-online.de,Female,Czech,Casado,4,23,IDX,Rojo
869,Caralie,Hearnes,Gumm,cgummo4@multiply.com,Female,Indonesian,Casado,1,24,Flooring,Morado
870,Court,Blaschek,Pray,cprayo5@linkedin.com,Male,Malayalam,Casado,2,25,RV,Azul
871,Dorine,Baitman,Hegge,dheggeo6@angelfire.com,Female,Thai,Casado,3,26,RCMS,Verde
872,Farrah,Larderot,Orteu,forteuo7@flavors.me,Female,Assamese,Casado,4,27,PPC,Verde
873,Fifi,Eason,Haglington,fhaglingtono8@soundcloud.com,Female,Somali,Casado,1,28,SDTM,Rojo
874,Paulina,Meier,Boule,pbouleo9@europa.eu,Female,Aymara,Viudo,2,29,Go,Amarrillo
875,Virgilio,Benham,Frisby,vfrisbyoa@tmall.com,Male,Bosnian,Soltero,3,30,SRDS,Azul
876,Hunt,Spence,Lamborn,hlambornob@springer.com,Male,Hiri Motu,Soltero,4,31,Digital Marketing,Morado
877,Codee,Headingham,Rowsel,crowseloc@mac.com,Female,Japanese,Viudo,1,32,Online Gambling,Amarrillo
878,Turner,Gifford,Ovett,tovettod@blogs.com,Male,Kyrgyz,Casado,2,33,Online Gambling,Otro
879,Merle,Langran,Kinnen,mkinnenoe@army.mil,Male,Lao,Casado,3,34,Union Avoidance,Amarrillo
880,Westbrook,Mudie,Sedgefield,wsedgefieldof@shutterfly.com,Male,Kashmiri,Otro,4,35,Adobe Creative Suite,Amarrillo
881,Ruperto,Scarfe,O'Rafferty,roraffertyog@ed.gov,Male,Kurdish,Viudo,1,36,Klarity,Azul
882,Brennen,Tolliday,Bradie,bbradieoh@com.com,Male,Georgian,Soltero,2,37,Kinetic Typography,Morado
883,Fanya,Kitchenham,Lutwyche,flutwycheoi@toplist.cz,Female,Greek,Soltero,3,38,Klarity,Verde
884,Adina,Cowely,Allett,aallettoj@deviantart.com,Female,French,Viudo,4,39,SGBD,Rojo
885,Daloris,von Hagt,Derrington,dderringtonok@is.gd,Female,English,Viudo,1,40,CQA,Otro
886,Xylia,Hillaby,Lockhead,xlockheadol@w3.org,Female,Malagasy,Otro,2,41,PVTsim,Amarrillo
887,Shurlock,Gosselin,Enns,sennsom@macromedia.com,Male,Croatian,Viudo,3,42,Road Safety,Celeste
888,Janenna,Horlick,de Pinna,jdepinnaon@wufoo.com,Female,Bulgarian,Otro,4,43,JCAHO,Morado
889,Boone,Highman,Yuranovev,byuranovevoo@lulu.com,Male,Persian,Casado,1,44,MDSD,Azul
890,Wolfie,Kleinstub,Helling,whellingop@theatlantic.com,Male,English,Viudo,2,45,DVB-RCS,Verde
891,Irwinn,Croney,Hadny,ihadnyoq@skyrock.com,Male,Malagasy,Casado,3,46,Dispute Resolution,Celeste
892,Aggie,Mathelon,Harbach,aharbachor@163.com,Female,Tamil,Otro,4,47,Urban Geography,Verde
893,Errol,Flement,Farloe,efarloeos@ocn.ne.jp,Male,Luxembourgish,Casado,1,48,CQA,Rojo
894,Marcie,Weatherup,Conklin,mconklinot@a8.net,Female,Czech,Viudo,2,49,Agronomy,Otro
895,Evangeline,Crips,Mapson,emapsonou@economist.com,Female,Greek,Otro,3,50,SDTM,Morado
896,Nolly,Giercke,Ateggart,nateggartov@hexun.com,Male,Luxembourgish,Soltero,4,51,Titration,Celeste
897,Tierney,Winckle,Caldron,tcaldronow@auda.org.au,Female,Korean,Soltero,1,52,UMTS,Otro
898,Cynthea,Marcinkowski,Glading,cgladingox@moonfruit.com,Female,Czech,Casado,2,53,Urban Geography,Celeste
899,Bryna,Frayling,Osboldstone,bosboldstoneoy@dailymail.co.uk,Female,Portuguese,Otro,3,54,Go,Celeste
900,Eugenie,Hellewell,Arnoll,earnolloz@lulu.com,Female,Latvian,Casado,4,55,RMI,Amarrillo
901,Farlee,Stancliffe,Townsend,ftownsendp0@imageshack.us,Male,Māori,Otro,1,56,Digital Marketing,Rojo
902,Lorie,Polfer,Morfield,lmorfieldp1@oaic.gov.au,Female,Quechua,Soltero,2,57,SGBD,Azul
903,Giulia,Corstorphine,Gaffon,ggaffonp2@yellowbook.com,Female,Kyrgyz,Soltero,3,58,HV,Celeste
904,Goraud,Mouton,Ciraldo,gciraldop3@nhs.uk,Male,Filipino,Soltero,4,59,UMTS,Verde
905,Thorndike,Yurukhin,Gorries,tgorriesp4@theglobeandmail.com,Male,Bislama,Casado,1,60,Digital Marketing,Rojo
906,Hortense,Housaman,Dotterill,hdotterillp5@guardian.co.uk,Female,Estonian,Soltero,2,61,IEX Total View,Celeste
907,Tressa,Andersson,Cicero,tcicerop6@omniture.com,Female,Kyrgyz,Soltero,3,62,Dubbing,Amarrillo
908,Ronda,McAvinchey,Brakespear,rbrakespearp7@rakuten.co.jp,Female,Tajik,Viudo,4,63,PVTsim,Morado
909,Joya,Fotheringham,Wharram,jwharramp8@imageshack.us,Female,Gujarati,Viudo,1,64,NFL,Amarrillo
910,Constanta,Thirwell,Reimer,creimerp9@usnews.com,Female,Zulu,Soltero,2,65,SGBD,Celeste
911,Robinette,Gauden,Normavill,rnormavillpa@example.com,Female,Estonian,Otro,3,1,PVTsim,Amarrillo
912,Gawain,Rosedale,Wilby,gwilbypb@usa.gov,Male,Guaraní,Soltero,4,2,Road Safety,Otro
913,Melli,Weond,Wooles,mwoolespc@dropbox.com,Female,Hebrew,Viudo,1,3,RV,Rojo
914,Lynne,Bubear,Collyns,lcollynspd@bbb.org,Female,Latvian,Casado,2,4,PVTsim,Morado
915,Barnebas,Morrissey,Albasini,balbasinipe@joomla.org,Male,Japanese,Otro,3,5,MCDBA,Azul
916,Warner,Dionisetto,MacCafferty,wmaccaffertypf@smugmug.com,Male,Somali,Viudo,4,6,International Sales,Celeste
917,Alberta,Wright,Pashby,apashbypg@usgs.gov,Female,Macedonian,Casado,1,7,JBA,Amarrillo
918,Powell,Itzkowicz,Vreede,pvreedeph@ca.gov,Male,French,Viudo,2,8,Xpress,Verde
919,Sully,Grgic,Adolfsen,sadolfsenpi@paginegialle.it,Male,Lithuanian,Casado,3,9,DVB-RCS,Rojo
920,Farleigh,Durtnall,Braunton,fbrauntonpj@cisco.com,Male,Luxembourgish,Viudo,4,10,DLS,Amarrillo
921,Griffie,Waterfall,Usherwood,gusherwoodpk@miitbeian.gov.cn,Male,Punjabi,Soltero,1,11,PVTsim,Verde
922,Elfreda,McElwee,Greenhalgh,egreenhalghpl@ocn.ne.jp,Female,Maltese,Viudo,2,12,PPC,Amarrillo
923,Shamus,Peteri,Cardenas,scardenaspm@wikimedia.org,Male,Amharic,Soltero,3,13,Start-ups,Azul
924,Mirilla,Worviell,Couronne,mcouronnepn@google.cn,Female,English,Otro,4,14,JBA,Morado
925,Shari,Tudball,Berkley,sberkleypo@sciencedaily.com,Female,Bislama,Viudo,1,15,IDX,Azul
926,Humfrid,Bazek,Villa,hvillapp@princeton.edu,Male,Lithuanian,Viudo,2,16,DLS,Celeste
927,Kelsey,Oldale,Stirland,kstirlandpq@boston.com,Female,Hungarian,Viudo,3,17,PC building,Azul
928,John,Leroy,Lain,jlainpr@nps.gov,Male,Czech,Viudo,4,18,Alumni Relations,Morado
929,Horatia,Whapples,Chate,hchateps@reuters.com,Female,Nepali,Viudo,1,19,BMC Remedy User,Verde
930,Deny,Bourrel,D'Oyly,ddoylypt@squidoo.com,Female,Danish,Otro,2,20,MTP3,Verde
931,David,Di Ruggero,McGuiney,dmcguineypu@ustream.tv,Male,Catalan,Casado,3,21,PC building,Rojo
932,Marna,Seys,Castleton,mcastletonpv@nsw.gov.au,Female,English,Otro,4,22,Unit Testing,Amarrillo
933,Ody,Elgood,Wotherspoon,owotherspoonpw@ebay.co.uk,Male,Malagasy,Viudo,1,23,HBA,Azul
934,Norry,Renn,Arnoll,narnollpx@naver.com,Female,Somali,Casado,2,24,Road Safety,Rojo
935,Tannie,Bielfeldt,Gerriet,tgerrietpy@alibaba.com,Male,Kyrgyz,Soltero,3,25,CQA,Otro
936,Grenville,Richfield,Burkwood,gburkwoodpz@walmart.com,Male,Pashto,Otro,4,26,Turf,Otro
937,Bjorn,Chalfain,Bryers,bbryersq0@foxnews.com,Male,Estonian,Viudo,1,27,CVM,Celeste
938,Helenelizabeth,Calloway,Gloucester,hgloucesterq1@usatoday.com,Female,Montenegrin,Viudo,2,28,SDTM,Verde
939,Consalve,Mannie,Emblin,cemblinq2@about.me,Male,Catalan,Viudo,3,29,SDL Trados,Morado
940,Northrup,Nussey,Kubek,nkubekq3@addthis.com,Male,Armenian,Casado,4,30,Erosion,Morado
941,Karlotta,Treslove,Raine,kraineq4@oaic.gov.au,Female,Thai,Viudo,1,31,Ufile,Amarrillo
942,Nevile,Kimmitt,Tong,ntongq5@china.com.cn,Male,Czech,Soltero,2,32,Online Gambling,Azul
943,Perceval,Pregel,Aldrin,paldrinq6@rediff.com,Male,Northern Sotho,Soltero,3,33,International Sales,Azul
944,Codie,Brambell,Esp,cespq7@aboutads.info,Female,Lao,Soltero,4,34,Management Due Diligence,Amarrillo
945,Dag,Purchall,MacFadyen,dmacfadyenq8@wix.com,Male,Punjabi,Otro,1,35,WAN,Morado
946,Bald,Riba,Trask,btraskq9@mapy.cz,Male,New Zealand Sign Language,Casado,2,36,BCNE,Azul
947,Les,Bearblock,Colt,lcoltqa@wordpress.com,Male,Assamese,Soltero,3,37,DLS,Rojo
948,Calv,Dooley,Geikie,cgeikieqb@canalblog.com,Male,Guaraní,Viudo,4,38,UMTS,Morado
949,Mead,Putley,Rampley,mrampleyqc@friendfeed.com,Female,Zulu,Viudo,1,39,JDK,Rojo
950,Kayne,Kittles,Allbon,kallbonqd@ebay.co.uk,Male,Azeri,Otro,2,40,Construction,Amarrillo
951,Minnnie,Carnall,Muddiman,mmuddimanqe@infoseek.co.jp,Female,Hiri Motu,Casado,3,41,Xenu,Celeste
952,Thorny,Nizard,Rosi,trosiqf@diigo.com,Male,New Zealand Sign Language,Casado,4,42,DVB-RCS,Verde
953,Chiquita,McKain,Di Carli,cdicarliqg@utexas.edu,Female,Estonian,Viudo,1,43,Sleep Disorders,Rojo
954,Aidan,Kneebone,Castanaga,acastanagaqh@nih.gov,Female,Korean,Otro,2,44,PPC,Verde
955,Hurleigh,Long,Entwistle,hentwistleqi@slideshare.net,Male,Montenegrin,Viudo,3,45,WAN,Rojo
956,Hayward,Lebang,O'Hagerty,hohagertyqj@quantcast.com,Male,Kurdish,Casado,4,46,RV,Rojo
957,Aigneis,Battaille,Manuello,amanuelloqk@dell.com,Female,Mongolian,Casado,1,47,SSL Duality,Morado
958,Pearle,Stickels,Bockings,pbockingsql@wikimedia.org,Female,Northern Sotho,Viudo,2,48,DLS,Celeste
959,Mariam,Smithyman,Eyes,meyesqm@dedecms.com,Female,Punjabi,Casado,3,49,CVM,Verde
960,Debi,Maybury,Denizet,ddenizetqn@columbia.edu,Female,Norwegian,Viudo,4,50,Cash Flow,Azul
961,Kass,Sparks,Casper,kcasperqo@rambler.ru,Female,Persian,Soltero,1,51,TDA,Azul
962,Mick,Levy,Jerred,mjerredqp@epa.gov,Male,Bengali,Soltero,2,52,CBT,Verde
963,Shanie,Rehn,Flay,sflayqq@bloglovin.com,Female,Malay,Viudo,3,53,SDL Trados,Celeste
964,Caroljean,Glyde,Jeal,cjealqr@wix.com,Female,Pashto,Viudo,4,54,Construction,Verde
965,Kyrstin,Hallgarth,Lanahan,klanahanqs@studiopress.com,Female,Punjabi,Casado,1,55,Construction,Celeste
966,Carola,Berrycloth,Kinde,ckindeqt@nba.com,Female,Yiddish,Casado,2,56,CVM,Amarrillo
967,Dane,Kelemen,Hulstrom,dhulstromqu@ask.com,Male,Kannada,Otro,3,57,NFL,Rojo
968,Sherry,Hemmingway,Garmston,sgarmstonqv@aol.com,Female,Bulgarian,Casado,4,58,IEX Total View,Verde
969,Karmen,Gorring,Iredale,kiredaleqw@pagesperso-orange.fr,Female,Armenian,Otro,1,59,Start-ups,Verde
970,Heddie,Tregea,Arbuckle,harbuckleqx@simplemachines.org,Female,Assamese,Viudo,2,60,Application Architecture,Azul
971,Greta,Pirrie,Karby,gkarbyqy@senate.gov,Female,Gujarati,Viudo,3,61,Agronomy,Azul
972,Ellen,Bidmead,Jentet,ejentetqz@facebook.com,Female,Burmese,Otro,4,62,BCNE,Morado
973,Rickey,Witt,Luis,rluisr0@washingtonpost.com,Male,Indonesian,Soltero,1,63,Ufile,Morado
974,Marven,Emanuele,Marriner,mmarrinerr1@cdc.gov,Male,Hungarian,Soltero,2,64,WAN,Azul
975,Roxine,Diament,Willshaw,rwillshawr2@fc2.com,Female,Khmer,Viudo,3,65,Adobe Creative Suite,Verde
976,Corie,Collings,Jaggi,cjaggir3@51.la,Female,Persian,Viudo,4,1,Kinetic Typography,Azul
977,Shurwood,Morford,Wallsam,swallsamr4@nhs.uk,Male,Danish,Casado,1,2,DVB-RCS,Morado
978,Lina,Gossop,Middleton,lmiddletonr5@cargocollective.com,Female,Haitian Creole,Soltero,2,3,Yammer,Morado
979,Corliss,Flett,Daile,cdailer6@google.com,Female,Korean,Soltero,3,4,Xenu,Rojo
980,Crichton,Gut,Golborne,cgolborner7@ibm.com,Male,Māori,Viudo,4,5,Web Services,Rojo
981,Sam,Dightham,Ranklin,sranklinr8@friendfeed.com,Female,Amharic,Otro,1,6,Alumni Relations,Rojo
982,Donovan,Klyn,Longforth,dlongforthr9@wikipedia.org,Male,Telugu,Casado,2,7,MTP3,Amarrillo
983,Renae,Wolfenden,Vine,rvinera@last.fm,Female,Māori,Soltero,3,8,RMI,Celeste
984,Giavani,Pretor,Shynn,gshynnrb@edublogs.org,Male,Lao,Otro,4,9,SDL Trados,Azul
985,Michelina,Brankley,Marke,mmarkerc@joomla.org,Female,Telugu,Casado,1,10,CBT,Celeste
986,Terza,Kynnd,Faires,tfairesrd@amazon.com,Female,Danish,Soltero,2,11,LLU,Rojo
987,Gustave,Borwick,Bastian,gbastianre@chicagotribune.com,Male,Finnish,Soltero,3,12,CBT,Otro
988,Debora,Wisbey,Treven,dtrevenrf@linkedin.com,Female,Tajik,Otro,4,13,Start-ups,Morado
989,Louie,Tribell,Gallelli,lgallellirg@alibaba.com,Male,Polish,Soltero,1,14,RCMS,Otro
990,Jasen,Salt,Boc,jbocrh@simplemachines.org,Male,Somali,Soltero,2,15,SDL Trados,Morado
991,Kelcy,Klimkin,Ricket,kricketri@blog.com,Female,Bengali,Casado,3,16,Ufile,Verde
992,Edlin,Comoletti,Klais,eklaisrj@elegantthemes.com,Male,Portuguese,Casado,4,17,Adobe Creative Suite,Verde
993,Lemmy,Lafferty,Jery,ljeryrk@example.com,Male,Moldovan,Casado,1,18,Dispute Resolution,Rojo
994,Stacee,Winterflood,Pearsey,spearseyrl@foxnews.com,Male,Maltese,Viudo,2,19,Urban Geography,Celeste
995,Shanon,Kleinmann,Ortiger,sortigerrm@latimes.com,Female,Chinese,Soltero,3,20,Flooring,Rojo
996,Kathie,Canham,Mayou,kmayourn@nationalgeographic.com,Female,Spanish,Casado,4,21,Xpress,Verde
997,Pascale,Squibb,Simmig,psimmigro@wix.com,Male,Japanese,Casado,1,22,PC building,Celeste
998,Fabien,Martinho,Taverner,ftavernerrp@hp.com,Male,Croatian,Otro,2,23,TDA,Otro
999,Agnella,Ivancevic,Manna,amannarq@dot.gov,Female,New Zealand Sign Language,Casado,3,24,CQA,Verde
1000,Jordan,Mollatt,Moyce,jmoycerr@senate.gov,Female,French,Otro,4,25,Road Safety,Amarrillo
